WIOT1,WIOT2
WIOT1,WIOT3
WIOT1,WIOT4
WIOT5,WIOT6
WIOT5,WIOT7
WIOT8,WIOT9
WIOT8,WIOT10
WIOT8,WIOT11
WIOT8,WIOT12
WIOT8,WIOT13
WIOT8,WIOT14
WIOT8,WIOT15
WIOT8,WIOT16
WIOT17,WIOT18
WIOT17,WIOT19
WIOT17,WIOT20
WIOT17,WIOT12
WIOT17,WIOT21
WIOT17,WIOT22
WIOT17,WIOT23
WIOT17,WIOT24
WIOT25,MLAI1
WIOT25,WIOT26
WIOT27,MLAI2
WIOT28,WIOT29
WIOT28,WIOT30
WIOT28,WIOT31
WIOT18,WIOT32
WIOT18,WIOT33
WIOT18,WIOT34
WIOT18,WIOT24
WIOT18,WIOT35
WIOT18,WIOT36
WIOT37,WIOT32
WIOT37,WIOT38
WIOT39,MLAI2
WIOT19,WIOT40
WIOT20,WIOT33
WIOT41,SEMI1
WIOT42,WIOT43
WIOT12,WIOT4
WIOT44,WIOT30
WIOT45,WIOT19
WIOT45,WIOT22
WIOT45,WIOT24
WIOT46,WIOT47
WIOT48,WIOT14
WIOT48,WIOT15
WIOT48,WIOT49
WIOT6,WIOT50
WIOT6,WIOT51
WIOT13,WIOT38
WIOT14,WIOT52
AMSC1,AMSC2
AMSC3,SEMI2
WIOT53,WIOT54
WIOT53,WIOT55
AMSC4,AMSC5
AMSC4,AMSC6
AMSC7,AMSC8
AMSC7,AMSC9
AMSC7,AMSC10
WIOT56,WIOT57
AMSC11,AMSC3
AMSC11,SEMI2
AMSC11,MLAI3
DCRT1,DCRT2
DCRT1,DCRT3
SEMI3,MLAI2
SEMI3,CAIM1
SEMI4,SEMI5
SEMI4,SEMI6
MLAI4,MLAI5
DCRT4,DCRT5
SECU1,SECU2
SECU2,SECU3
SECU2,SECU4
NOCS1,NOCS2
SEMI7,CAIM2
SEMI7,NOCS3
SEMI7,CAIM1
NOCS4,NOCS5
MLAI6,MLAI7
MLAI6,MLAI8
MLAI9,MLAI10
AMSC9,AMSC12
MLAI11,MLAI12
NOCS6,MLAI12
SSCO1,AMSC13
NOCS7,NOCS5
CAIM3,CAIM4
CAIM3,CAIM5
CAIM6,CAIM7
CAIM6,CAIM8
CAIM6,CAIM9
NOCS8,NOCS9
SSCO2,WIOT58
MLAI13,MLAI14
NOCS10,NOCS11
SEMI8,SEMI9
WIOT59,WIOT54
MLAI15,MLAI16
SEMI10,SEMI2
NOCS12,NOCS13
NOCS12,SEMI11
NOCS12,CAIM10
AMSC14,AMSC4
AMSC14,AMSC5
AMSC14,AMSC8
AMSC14,AMSC9
AMSC14,AMSC10
AMSC14,NOCS14
CAIM11,CAIM12
NOCS15,NOCS16
NOCS15,CAIM13
NOCS15,CAIM14
NOCS17,NOCS18
NOCS19,NOCS6
CAIM15,CAIM16
NOCS20,NOCS21
NOCS20,NOCS22
SECU5,WIOT60
SECU5,WIOT61
SECU5,WIOT62
DCRT6,NOCS23
DCRT6,WIOT63
SEMI12,SEMI13
WIOT64,CAIM17
WIOT64,CAIM18
CAIM19,CAIM6
SEMI14,SEMI15
SEMI16,SEMI17
MLAI17,WIOT39
MLAI17,MLAI18
MLAI17,MLAI19
MLAI17,MLAI9
MLAI17,WIOT65
MLAI17,CAIM20
MLAI17,CAIM17
MLAI17,CAIM18
MLAI17,MLAI10
MLAI17,CAIM21
MLAI17,MLAI20
MLAI17,MLAI21
CAIM22,SEMI18
CAIM22,NOCS24
CAIM23,CAIM24
CAIM23,CAIM25
CAIM23,AMSC15
DCRT7,NOCS25
NOCS26,SECU6
NOCS26,SECU7
SEMI19,AMSC3
SEMI19,SEMI1
SEMI19,WIOT66
SEMI19,SEMI20
SEMI19,SEMI21
SEMI19,WIOT62
NOCS27,NOCS16
NOCS28,NOCS29
MLAI22,DCRT8
NOCS30,NOCS31
MLAI23,AMSC16
MLAI23,AMSC17
SEMI22,SEMI23
SEMI22,SEMI24
SEMI22,MLAI24
DCRT9,MLAI25
SEMI25,SEMI26
SEMI27,MLAI17
SEMI27,SEMI28
SEMI29,SEMI30
NOCS32,NOCS33
DCRT10,DCRT11
SEMI31,NOCS34
SEMI31,SSCO3
NOCS35,NOCS36
NOCS37,NOCS38
NOCS39,NOCS34
SEMI32,WIOT67
SEMI33,SEMI7
NOCS40,NOCS41
SECU8,SECU1
WIOT68,AMSC18
WIOT68,AMSC17
NOCS42,NOCS43
SEMI34,SEMI13
SEMI35,SEMI17
SEMI35,SEMI36
SEMI35,CAIM26
CAIM27,CAIM28
NOCS44,NOCS45
DCRT12,DCRT13
DCRT12,DCRT14
NOCS46,NOCS47
CAIM29,CAIM30
CAIM29,CAIM31
CAIM32,CAIM33
NOCS48,CAIM34
NOCS48,SSCO4
NOCS49,NOCS50
NOCS49,NOCS51
NOCS52,CAIM35
NOCS52,NOCS53
NOCS52,CAIM36
SEMI37,SEMI38
CAIM37,CAIM37
NOCS54,NOCS54
NOCS55,NOCS56
NOCS57,CAIM38
NOCS57,CAIM39
NOCS57,CAIM12
NOCS58,NOCS59
NOCS58,CAIM40
NOCS58,SSCO4
CAIM41,CAIM35
CAIM41,CAIM38
CAIM42,CAIM38
CAIM42,CAIM43
CAIM44,CAIM45
CAIM44,CAIM44
CAIM46,CAIM47
CAIM48,CAIM49
NOCS60,NOCS60
NOCS60,CAIM50
NOCS60,NOCS61
NOCS62,NOCS63
WIOT69,SEMI21
NOCS64,DCRT15
NOCS64,CAIM51
NOCS64,CAIM12
NOCS65,DCRT16
SECU9,SECU10
SEMI39,SEMI19
SEMI39,SEMI40
SEMI39,SEMI41
SEMI39,SEMI1
SEMI39,SEMI42
AMSC19,NOCS66
CAIM52,CAIM53
CAIM52,CAIM54
CAIM52,CAIM55
CAIM52,CAIM56
CAIM52,CAIM57
CAIM52,CAIM58
CAIM52,CAIM59
CAIM52,CAIM60
AMSC20,AMSC21
WIOT70,CAIM61
NOCS67,NOCS68
NOCS69,NOCS70
NOCS69,NOCS71
NOCS72,NOCS73
SECU11,SECU12
CAIM62,CAIM63
CAIM64,AMSC22
CAIM64,AMSC23
MLAI26,MLAI27
MLAI26,SSCO5
CAIM65,CAIM66
CAIM65,AMSC24
CAIM65,CAIM67
CAIM65,CAIM68
CAIM65,CAIM69
NOCS74,NOCS75
NOCS74,CAIM70
NOCS74,NOCS9
NOCS74,DCRT17
NOCS74,CAIM71
NOCS74,SSCO4
AMSC25,AMSC25
CAIM72,CAIM73
CAIM72,CAIM74
CAIM72,NOCS76
CAIM72,CAIM75
NOCS77,NOCS78
NOCS77,NOCS79
SEMI43,SEMI44
CAIM76,NOCS80
NOCS81,NOCS51
NOCS81,CAIM77
CAIM78,CAIM79
CAIM78,SECU13
WIOT71,WIOT72
NOCS82,NOCS54
DCRT18,SSCO6
NOCS63,NOCS83
CAIM80,CAIM29
CAIM80,CAIM81
CAIM80,CAIM52
CAIM80,CAIM82
CAIM80,CAIM54
CAIM80,CAIM83
CAIM80,CAIM55
CAIM80,CAIM57
CAIM80,CAIM84
CAIM80,CAIM58
CAIM80,CAIM59
CAIM80,CAIM85
CAIM80,CAIM86
CAIM80,CAIM60
CAIM66,NOCS84
CAIM82,CAIM87
CAIM88,CAIM73
CAIM88,CAIM75
SEMI45,AMSC26
DCRT19,DCRT20
DCRT19,DCRT19
DCRT19,DCRT21
NOCS85,NOCS43
NOCS85,NOCS86
NOCS85,SSCO7
NOCS84,NOCS84
CAIM89,CAIM90
CAIM89,CAIM38
CAIM91,CAIM56
CAIM91,CAIM92
SEMI46,SEMI46
SEMI46,SEMI47
WIOT73,SEMI48
WIOT73,WIOT74
CAIM93,CAIM94
CAIM95,CAIM96
CAIM95,CAIM97
CAIM95,CAIM98
CAIM99,NOCS84
SEMI49,CAIM100
SEMI49,SEMI50
CAIM101,CAIM39
CAIM102,CAIM53
CAIM102,CAIM30
SEMI51,SEMI52
CAIM103,CAIM104
CAIM103,CAIM105
SEMI53,SEMI48
SEMI53,SEMI46
SEMI53,SEMI54
SEMI53,SEMI47
SEMI53,SEMI55
CAIM106,CAIM107
CAIM106,CAIM108
DCRT22,DCRT10
DCRT22,SSCO4
CAIM109,AMSC27
CAIM109,CAIM110
DCRT23,DCRT24
SEMI56,SEMI40
SEMI56,SEMI41
CAIM111,CAIM112
DCRT25,DCRT26
CAIM73,NOCS76
NOCS59,CAIM113
NOCS59,CAIM114
NOCS59,SSCO4
NOCS53,SEMI13
CAIM115,CAIM55
CAIM116,CAIM53
CAIM116,CAIM55
AMSC22,CAIM117
AMSC22,AMSC28
SECU14,SECU15
CAIM118,NOCS56
CAIM118,DCRT27
MLAI28,MLAI29
MLAI28,MLAI6
MLAI28,MLAI7
MLAI28,MLAI30
MLAI28,MLAI8
MLAI28,MLAI31
NOCS87,SEMI57
NOCS87,DCRT3
NOCS88,CAIM119
NOCS88,CAIM77
SEMI58,DCRT28
SEMI58,DCRT29
SEMI58,CAIM120
DCRT30,NOCS28
DCRT30,DCRT31
DCRT30,CAIM14
AMSC26,MLAI23
AMSC26,CAIM121
AMSC26,AMSC29
AMSC26,AMSC30
AMSC26,AMSC31
CAIM122,CAIM123
CAIM124,CAIM125
CAIM126,SEMI59
AMSC32,AMSC33
NOCS89,NOCS75
NOCS89,SSCO4
CAIM127,CAIM17
CAIM127,CAIM128
CAIM127,CAIM129
CAIM127,CAIM130
CAIM127,CAIM108
CAIM127,CAIM131
DCRT32,DCRT33
DCRT32,WIOT63
NOCS90,NOCS91
NOCS90,NOCS92
SSCO8,SEMI60
NOCS93,NOCS94
NOCS93,NOCS95
WIOT75,WIOT76
CAIM132,CAIM133
CAIM132,CAIM134
CAIM135,CAIM136
CAIM135,CAIM137
CAIM135,CAIM138
CAIM135,CAIM139
CAIM135,CAIM140
CAIM141,CAIM142
CAIM141,CAIM143
CAIM144,CAIM145
CAIM144,CAIM146
CAIM144,CAIM147
CAIM144,CAIM148
CAIM144,CAIM149
CAIM144,CAIM150
CAIM144,CAIM151
CAIM144,SSCO9
CAIM144,CAIM152
NOCS96,NOCS97
NOCS96,NOCS98
DCRT34,DCRT35
DCRT34,DCRT36
DCRT34,DCRT37
DCRT34,DCRT38
DCRT34,DCRT39
CAIM153,CAIM154
CAIM155,CAIM156
WIOT77,WIOT78
WIOT79,WIOT80
WIOT79,DCRT40
DCRT41,NOCS99
DCRT41,NOCS100
DCRT41,NOCS101
DCRT41,NOCS102
DCRT41,NOCS98
NOCS103,NOCS104
NOCS103,DCRT42
NOCS105,NOCS106
WIOT81,WIOT82
CAIM157,CAIM158
CAIM157,AMSC34
CAIM157,AMSC35
CAIM157,NOCS107
CAIM157,CAIM159
CAIM157,CAIM160
CAIM157,CAIM161
CAIM157,CAIM162
CAIM157,CAIM163
CAIM157,CAIM149
CAIM157,CAIM164
CAIM157,CAIM165
CAIM157,CAIM166
CAIM157,CAIM151
CAIM157,CAIM140
CAIM157,CAIM167
CAIM157,CAIM168
CAIM157,CAIM169
CAIM157,CAIM170
CAIM157,SEMI61
CAIM157,CAIM171
DCRT43,DCRT44
DCRT43,SSCO9
DCRT45,DCRT37
DCRT45,CAIM150
DCRT45,DCRT46
DCRT47,DCRT37
DCRT47,DCRT48
DCRT47,DCRT49
DCRT47,CAIM172
DCRT47,CAIM173
NOCS108,NOCS100
CAIM142,CAIM174
DCRT50,AMSC36
DCRT50,DCRT48
DCRT50,DCRT51
DCRT50,DCRT52
DCRT50,SSCO10
DCRT50,DCRT53
DCRT50,DCRT44
NOCS109,NOCS110
NOCS109,NOCS111
NOCS109,NOCS92
NOCS109,NOCS112
NOCS113,NOCS114
NOCS113,NOCS91
NOCS113,NOCS115
NOCS113,CAIM175
WIOT83,AMSC37
NOCS116,NOCS64
NOCS116,NOCS117
CAIM176,CAIM32
CAIM176,CAIM177
CAIM176,CAIM178
CAIM176,CAIM38
CAIM179,CAIM180
NOCS118,NOCS119
CAIM181,CAIM182
CAIM181,CAIM121
DCRT54,CAIM183
CAIM184,CAIM185
NOCS120,NOCS114
NOCS120,NOCS121
CAIM186,NOCS84
CAIM186,CAIM133
CAIM186,CAIM137
CAIM186,CAIM187
CAIM186,CAIM188
CAIM186,CAIM138
CAIM186,CAIM139
CAIM186,CAIM189
CAIM186,CAIM190
NOCS122,NOCS79
CAIM154,CAIM191
CAIM154,CAIM192
CAIM193,CAIM194
CAIM193,CAIM195
CAIM196,CAIM197
CAIM196,CAIM198
CAIM196,CAIM199
CAIM196,CAIM166
CAIM196,CAIM200
AMSC38,AMSC35
NOCS123,NOCS124
CAIM201,CAIM201
SEMI62,SEMI63
SEMI62,SEMI64
CAIM202,CAIM199
CAIM202,CAIM203
CAIM204,CAIM205
CAIM204,CAIM151
CAIM206,CAIM207
CAIM206,WIOT61
NOCS125,CAIM208
NOCS125,NOCS126
NOCS125,NOCS127
NOCS125,CAIM209
CAIM210,CAIM161
CAIM210,CAIM211
CAIM210,SSCO11
CAIM210,CAIM121
CAIM210,CAIM212
CAIM210,CAIM213
NOCS128,CAIM214
WIOT84,WIOT85
NOCS129,DCRT49
CAIM133,CAIM215
CAIM133,SEMI65
CAIM133,CAIM216
CAIM217,CAIM218
CAIM217,CAIM219
CAIM220,CAIM221
CAIM220,CAIM222
NOCS130,NOCS131
NOCS132,NOCS133
NOCS132,CAIM223
CAIM224,CAIM225
CAIM224,CAIM226
CAIM224,CAIM227
CAIM224,CAIM228
CAIM229,SSCO12
CAIM230,CAIM231
NOCS134,NOCS135
NOCS134,MLAI32
NOCS134,NOCS136
NOCS134,NOCS137
SSCO13,SSCO14
CAIM134,CAIM232
CAIM134,AMSC39
CAIM134,CAIM188
CAIM134,CAIM139
CAIM134,CAIM189
CAIM134,CAIM233
AMSC40,AMSC41
NOCS138,NOCS139
CAIM223,CAIM234
SEMI66,SSCO15
CAIM235,NOCS140
CAIM235,NOCS141
CAIM137,CAIM236
NOCS142,CAIM237
NOCS114,NOCS115
NOCS143,NOCS122
CAIM238,NOCS52
CAIM238,NOCS144
CAIM238,NOCS51
CAIM238,NOCS59
CAIM238,NOCS53
CAIM238,CAIM239
CAIM238,NOCS124
CAIM238,NOCS145
CAIM238,CAIM113
CAIM238,AMSC42
CAIM238,CAIM240
CAIM187,CAIM241
CAIM242,CAIM112
CAIM242,CAIM243
CAIM242,CAIM151
NOCS107,NOCS146
NOCS107,CAIM244
CAIM245,NOCS2
CAIM245,NOCS17
CAIM245,CAIM246
CAIM245,CAIM247
CAIM245,CAIM248
CAIM245,NOCS147
CAIM245,NOCS148
NOCS149,CAIM249
NOCS149,CAIM250
MLAI33,MLAI34
MLAI33,MLAI25
MLAI33,NOCS150
MLAI33,MLAI27
MLAI33,NOCS134
MLAI33,MLAI35
MLAI33,MLAI30
MLAI33,SSCO5
MLAI33,NOCS98
MLAI33,MLAI36
CAIM251,CAIM211
CAIM251,CAIM252
CAIM251,SECU16
CAIM251,CAIM253
CAIM251,CAIM212
CAIM254,NOCS151
CAIM254,CAIM255
NOCS152,NOCS153
SEMI67,SSCO16
SEMI67,SEMI68
CAIM256,CAIM232
CAIM256,CAIM151
CAIM256,DCRT55
CAIM257,CAIM180
CAIM257,CAIM258
CAIM257,CAIM31
CAIM259,CAIM45
CAIM259,CAIM44
CAIM259,CAIM169
WIOT86,WIOT87
WIOT86,DCRT56
WIOT86,WIOT88
WIOT86,DCRT57
NOCS154,NOCS115
CAIM260,CAIM64
CAIM260,CAIM261
CAIM260,CAIM248
CAIM191,CAIM262
NOCS155,NOCS156
CAIM263,CAIM33
CAIM264,NOCS157
DCRT58,NOCS154
DCRT58,NOCS158
DCRT58,CAIM265
DCRT58,NOCS159
DCRT58,NOCS115
DCRT58,NOCS112
DCRT58,NOCS126
DCRT58,NOCS45
DCRT58,NOCS160
DCRT58,CAIM175
CAIM266,NOCS68
NOCS161,NOCS153
NOCS161,CAIM267
NOCS162,NOCS151
NOCS162,CAIM255
CAIM268,CAIM259
CAIM268,CAIM161
CAIM268,CAIM269
CAIM268,CAIM182
CAIM268,CAIM270
AMSC43,CAIM271
AMSC43,AMSC37
AMSC43,SEMI69
CAIM272,CAIM273
CAIM272,CAIM274
NOCS163,CAIM134
NOCS163,NOCS164
NOCS163,CAIM275
MLAI35,MLAI30
NOCS165,NOCS140
NOCS165,NOCS166
CAIM276,CAIM51
CAIM276,CAIM12
CAIM277,CAIM215
CAIM277,CAIM278
CAIM277,CAIM279
NOCS167,NOCS168
CAIM145,CAIM176
CAIM145,CAIM178
CAIM145,CAIM280
CAIM185,CAIM148
CAIM281,NOCS169
CAIM281,CAIM282
CAIM281,CAIM147
CAIM281,CAIM283
CAIM281,CAIM162
CAIM281,CAIM284
CAIM281,CAIM79
CAIM281,CAIM244
CAIM281,CAIM285
CAIM281,CAIM117
CAIM281,CAIM165
CAIM281,CAIM270
CAIM281,NOCS68
CAIM281,CAIM286
CAIM281,CAIM119
CAIM281,NOCS71
CAIM281,NOCS16
CAIM281,NOCS148
CAIM281,CAIM287
CAIM281,CAIM13
CAIM281,CAIM14
CAIM281,CAIM288
CAIM281,CAIM77
CAIM281,CAIM237
CAIM289,DCRT15
SEMI70,SEMI39
CAIM146,CAIM230
CAIM146,CAIM290
CAIM146,CAIM49
CAIM282,NOCS85
CAIM282,NOCS70
CAIM282,NOCS71
CAIM282,NOCS147
AMSC37,SEMI71
DCRT59,NOCS170
DCRT59,NOCS171
DCRT59,NOCS172
DCRT60,DCRT52
DCRT60,DCRT61
DCRT60,DCRT44
DCRT60,DCRT13
DCRT60,DCRT62
DCRT60,NOCS98
CAIM291,CAIM66
CAIM291,CAIM292
CAIM291,CAIM293
CAIM291,CAIM97
CAIM291,CAIM294
CAIM160,CAIM15
CAIM160,DCRT49
CAIM160,CAIM295
CAIM160,CAIM243
CAIM160,CAIM279
CAIM160,CAIM151
NOCS173,NOCS119
CAIM296,CAIM136
CAIM296,CAIM192
CAIM297,CAIM298
CAIM297,CAIM299
NOCS174,CAIM276
NOCS174,CAIM197
NOCS174,CAIM198
DCRT37,DCRT63
DCRT37,DCRT39
DCRT37,DCRT64
NOCS175,NOCS176
CAIM300,CAIM301
CAIM300,CAIM302
NOCS177,NOCS178
DCRT65,CAIM303
DCRT65,CAIM304
CAIM305,CAIM44
CAIM305,CAIM280
CAIM305,CAIM38
CAIM305,SEMI72
CAIM305,CAIM306
DCRT66,DCRT67
DCRT66,DCRT68
DCRT66,CAIM307
DCRT66,AMSC44
DCRT66,DCRT48
DCRT66,DCRT56
DCRT66,SEMI60
DCRT66,DCRT69
DCRT66,DCRT70
DCRT66,DCRT13
DCRT66,CAIM172
CAIM308,CAIM155
CAIM308,CAIM85
CAIM309,CAIM310
CAIM311,CAIM142
CAIM147,CAIM256
CAIM147,CAIM312
CAIM147,CAIM182
CAIM147,CAIM313
NOCS179,NOCS169
NOCS179,NOCS180
CAIM314,CAIM315
CAIM314,AMSC41
CAIM314,AMSC44
CAIM314,CAIM222
CAIM314,CAIM85
CAIM314,DCRT61
CAIM314,CAIM150
CAIM314,DCRT69
CAIM314,AMSC42
CAIM314,DCRT70
CAIM314,DCRT62
CAIM314,DCRT71
DCRT72,DCRT52
DCRT72,DCRT44
DCRT72,DCRT13
DCRT72,CAIM303
AMSC45,CAIM62
CAIM161,DCRT73
NOCS181,NOCS43
NOCS181,NOCS38
CAIM316,NOCS52
CAIM316,NOCS51
CAIM316,CAIM158
CAIM316,NOCS80
CAIM316,NOCS182
CAIM316,NOCS124
CAIM316,NOCS183
CAIM316,CAIM317
NOCS184,NOCS157
NOCS184,CAIM235
NOCS184,CAIM165
CAIM318,NOCS60
CAIM318,NOCS185
CAIM318,NOCS141
CAIM318,NOCS186
CAIM318,CAIM50
CAIM318,NOCS187
CAIM318,NOCS61
CAIM318,NOCS68
CAIM318,NOCS188
CAIM319,SECU17
CAIM320,NOCS151
CAIM320,CAIM292
CAIM320,CAIM4
CAIM320,CAIM321
CAIM320,CAIM294
CAIM197,CAIM322
CAIM197,CAIM323
CAIM197,CAIM166
CAIM197,CAIM324
WIOT89,SEMI73
WIOT89,SEMI39
WIOT89,SEMI46
WIOT89,WIOT73
WIOT89,SEMI52
WIOT89,SEMI47
WIOT89,SEMI74
WIOT89,SEMI42
WIOT89,WIOT67
WIOT89,WIOT90
CAIM198,CAIM197
CAIM198,CAIM322
CAIM198,CAIM85
CAIM198,CAIM325
CAIM198,CAIM166
CAIM198,AMSC28
CAIM198,CAIM200
CAIM198,CAIM324
CAIM326,CAIM154
CAIM326,CAIM191
CAIM327,CAIM53
CAIM327,CAIM328
CAIM327,CAIM52
CAIM327,CAIM329
CAIM327,CAIM330
CAIM327,CAIM331
CAIM327,CAIM110
CAIM327,CAIM332
CAIM327,WIOT91
CAIM333,NOCS85
CAIM333,NOCS189
CAIM178,CAIM122
DCRT42,DCRT74
NOCS190,NOCS116
NOCS190,MLAI33
NOCS190,NOCS100
NOCS190,NOCS191
NOCS192,NOCS105
NOCS192,NOCS164
DCRT75,DCRT13
CAIM334,CAIM182
CAIM335,CAIM136
CAIM335,CAIM336
AMSC46,AMSC47
WIOT92,WIOT93
CAIM337,CAIM21
CAIM337,DCRT71
SEMI68,SEMI48
SEMI68,SEMI75
SEMI68,SEMI76
SEMI68,SEMI42
WIOT94,NOCS150
AMSC48,SSCO17
AMSC48,CAIM338
DCRT48,DCRT62
CAIM339,CAIM67
CAIM340,CAIM341
CAIM340,CAIM110
CAIM342,CAIM177
CAIM342,CAIM176
CAIM342,CAIM146
CAIM342,CAIM305
CAIM342,CAIM343
CAIM342,CAIM344
CAIM345,CAIM135
CAIM346,CAIM347
CAIM346,CAIM348
DCRT76,DCRT60
DCRT76,DCRT44
DCRT76,DCRT70
DCRT76,DCRT62
NOCS193,NOCS98
MLAI37,WIOT73
CAIM349,CAIM350
AMSC49,CAIM351
NOCS146,NOCS28
NOCS146,NOCS141
CAIM352,CAIM230
SSCO14,SSCO18
DCRT77,DCRT78
DCRT77,SSCO4
CAIM211,CAIM235
CAIM211,CAIM161
CAIM211,CAIM165
CAIM211,SSCO4
DCRT49,DCRT20
DCRT49,NOCS81
DCRT49,DCRT19
DCRT49,DCRT51
DCRT49,DCRT52
DCRT49,DCRT21
DCRT49,DCRT40
DCRT49,DCRT79
DCRT49,DCRT70
DCRT49,DCRT13
DCRT49,NOCS61
DCRT49,DCRT80
DCRT49,AMSC33
DCRT49,NOCS98
DCRT49,CAIM240
DCRT49,CAIM233
CAIM353,CAIM354
CAIM353,CAIM355
CAIM353,CAIM356
CAIM353,CAIM357
CAIM353,CAIM358
CAIM353,SSCO19
CAIM359,CAIM360
CAIM359,CAIM361
CAIM359,CAIM21
CAIM359,CAIM362
CAIM359,CAIM363
CAIM359,NOCS194
CAIM359,CAIM364
WIOT95,MLAI38
WIOT95,MLAI39
CAIM365,CAIM366
DCRT81,DCRT34
DCRT81,DCRT68
DCRT81,DCRT43
DCRT81,DCRT45
DCRT81,DCRT50
DCRT81,DCRT37
DCRT81,DCRT56
DCRT81,DCRT82
DCRT81,DCRT61
DCRT81,DCRT71
CAIM367,CAIM368
CAIM367,CAIM41
CAIM367,CAIM369
CAIM367,CAIM370
CAIM367,NOCS189
CAIM367,CAIM122
CAIM367,SSCO11
NOCS195,DCRT83
NOCS195,DCRT84
NOCS196,NOCS197
NOCS196,CAIM371
NOCS196,NOCS198
NOCS196,NOCS199
NOCS196,NOCS76
NOCS200,NOCS182
NOCS200,NOCS201
NOCS200,CAIM119
CAIM372,WIOT39
CAIM372,CAIM359
CAIM372,CAIM17
CAIM372,CAIM128
CAIM372,CAIM129
CAIM372,CAIM360
CAIM372,CAIM131
CAIM372,CAIM373
CAIM372,CAIM364
MLAI30,MLAI29
MLAI30,MLAI40
MLAI30,MLAI6
MLAI30,MLAI7
MLAI30,MLAI8
MLAI30,SEMI77
MLAI30,MLAI41
MLAI30,WIOT61
MLAI30,MLAI31
DCRT56,DCRT20
DCRT56,DCRT35
DCRT56,DCRT75
DCRT56,NOCS151
DCRT56,NOCS202
DCRT56,CAIM374
SEMI78,SEMI79
CAIM375,CAIM137
CAIM375,CAIM263
CAIM375,CAIM159
CAIM375,CAIM376
CAIM375,CAIM292
CAIM375,CAIM377
CAIM375,CAIM378
CAIM375,CAIM379
CAIM375,CAIM138
CAIM375,CAIM189
CAIM375,CAIM321
CAIM375,CAIM293
NOCS182,CAIM380
NOCS182,CAIM381
NOCS182,AMSC12
DCRT51,NOCS30
DCRT51,CAIM207
DCRT51,DCRT44
DCRT51,NOCS61
CAIM382,CAIM383
CAIM382,CAIM384
CAIM382,CAIM385
CAIM17,MLAI42
NOCS203,NOCS204
NOCS203,CAIM104
SEMI80,NOCS59
SEMI80,SSCO4
DCRT85,CAIM114
DCRT85,NOCS38
DCRT85,CAIM77
DCRT86,DCRT87
DCRT86,NOCS56
DCRT86,DCRT88
DCRT86,DCRT27
DCRT86,DCRT89
CAIM298,CAIM62
CAIM298,CAIM79
CAIM298,CAIM299
CAIM298,CAIM386
CAIM283,CAIM387
CAIM283,CAIM370
CAIM283,CAIM122
CAIM283,CAIM244
CAIM283,CAIM388
CAIM162,CAIM389
CAIM162,NOCS97
CAIM162,CAIM235
CAIM162,CAIM256
CAIM162,CAIM143
NOCS205,NOCS70
NOCS205,NOCS204
SEMI81,SEMI82
SEMI81,SEMI83
SEMI81,MLAI3
CAIM390,CAIM383
CAIM390,CAIM391
CAIM390,CAIM392
CAIM390,CAIM384
CAIM390,CAIM385
WIOT96,WIOT69
WIOT96,NOCS180
WIOT96,SEMI67
WIOT96,WIOT78
WIOT96,SSCO20
WIOT96,SEMI60
MLAI43,MLAI40
MLAI43,MLAI8
MLAI43,MLAI41
WIOT97,WIOT98
WIOT97,MLAI44
AMSC50,NOCS206
AMSC50,NOCS194
AMSC50,NOCS207
CAIM393,DCRT87
CAIM393,NOCS16
CAIM18,CAIM129
CAIM18,CAIM7
CAIM394,CAIM52
CAIM394,CAIM395
CAIM394,CAIM39
CAIM394,CAIM59
CAIM394,CAIM396
DCRT90,NOCS93
DCRT90,NOCS91
DCRT90,NOCS208
SSCO21,SSCO22
DCRT82,DCRT59
DCRT82,DCRT52
DCRT82,DCRT38
DCRT82,DCRT63
DCRT82,DCRT44
DCRT82,NOCS61
DCRT82,DCRT39
CAIM397,CAIM398
CAIM397,CAIM293
CAIM397,CAIM68
CAIM397,CAIM69
CAIM301,CAIM399
CAIM301,CAIM372
CAIM301,CAIM128
CAIM301,CAIM400
SECU18,SECU19
DCRT91,NOCS126
SECU20,SECU21
SECU20,SECU22
SECU20,AMSC51
SECU20,SECU13
SECU20,SECU23
SECU20,SECU24
CAIM376,CAIM401
CAIM376,NOCS151
CAIM376,CAIM151
CAIM376,CAIM255
SEMI84,CAIM161
SSCO23,NOCS209
SSCO23,SSCO24
NOCS210,SEMI85
NOCS210,NOCS68
NOCS210,SEMI86
CAIM402,CAIM403
DCRT92,CAIM183
DCRT52,DCRT19
DCRT52,DCRT44
DCRT52,DCRT13
DCRT52,NOCS98
NOCS211,NOCS121
NOCS211,NOCS212
CAIM354,CAIM356
CAIM354,CAIM357
CAIM354,CAIM358
SSCO11,SEMI87
CAIM404,CAIM30
CAIM404,CAIM329
CAIM404,CAIM57
CAIM404,CAIM405
DCRT87,DCRT87
DCRT87,DCRT93
DCRT87,DCRT94
DCRT87,DCRT27
SECU25,SECU26
SECU25,CAIM406
CAIM407,CAIM44
CAIM407,CAIM182
CAIM407,CAIM151
CAIM128,CAIM408
CAIM128,CAIM17
CAIM128,CAIM409
CAIM128,CAIM410
CAIM383,CAIM411
CAIM383,CAIM412
CAIM383,CAIM413
CAIM383,CAIM392
CAIM383,CAIM414
CAIM383,CAIM415
CAIM416,CAIM417
NOCS213,NOCS214
NOCS213,NOCS215
SECU26,CAIM344
SEMI52,SEMI46
SEMI52,SEMI47
CAIM418,WIOT60
SEMI88,SEMI89
SEMI88,SEMI90
SEMI88,SEMI91
SEMI88,CAIM419
CAIM406,NOCS216
NOCS217,NOCS76
WIOT99,WIOT98
CAIM420,NOCS18
CAIM420,CAIM421
WIOT100,WIOT101
CAIM422,CAIM423
WIOT101,WIOT102
SEMI92,SEMI15
AMSC52,MLAI23
AMSC52,AMSC53
AMSC52,AMSC54
SECU22,NOCS50
SECU22,SECU21
SECU22,SECU13
SECU22,SECU23
SSCO25,NOCS218
SSCO25,DCRT85
SSCO25,CAIM25
NOCS158,NOCS158
NOCS158,CAIM265
NOCS158,NOCS45
NOCS219,NOCS100
NOCS219,NOCS127
CAIM330,CAIM329
CAIM330,CAIM164
CAIM252,CAIM375
CAIM252,CAIM270
NOCS220,NOCS221
CAIM424,CAIM130
CAIM425,CAIM164
CAIM425,CAIM59
NOCS222,CAIM426
CAIM322,CAIM262
CAIM427,CAIM89
WIOT88,WIOT103
CAIM428,CAIM54
CAIM428,CAIM104
NOCS100,NOCS129
NOCS100,DCRT75
NOCS100,NOCS200
CAIM429,DCRT95
CAIM430,CAIM406
CAIM148,CAIM431
CAIM148,CAIM432
CAIM433,CAIM434
SSCO26,NOCS223
SSCO26,CAIM435
CAIM436,CAIM437
CAIM436,CAIM438
CAIM232,CAIM439
CAIM440,CAIM267
CAIM284,CAIM299
MLAI45,SEMI93
CAIM61,CAIM441
CAIM61,CAIM131
CAIM61,CAIM442
NOCS224,NOCS225
SECU27,CAIM192
MLAI46,MLAI44
NOCS226,NOCS13
DCRT96,DCRT97
CAIM443,CAIM161
NOCS227,SECU22
NOCS227,SECU24
WIOT78,WIOT104
WIOT78,NOCS205
CAIM444,CAIM445
CAIM446,NOCS72
SSCO27,SSCO28
NOCS228,NOCS229
DCRT98,NOCS76
SEMI94,CAIM447
CAIM448,CAIM448
SEMI75,SEMI54
SEMI75,DCRT13
CAIM395,CAIM449
CAIM239,CAIM315
CAIM239,AMSC42
CAIM450,CAIM451
CAIM450,CAIM104
NOCS230,NOCS76
SEMI17,SEMI95
SEMI96,SEMI97
SEMI98,SEMI99
CAIM87,AMSC13
DCRT40,DCRT44
DCRT99,DCRT100
CAIM261,CAIM452
WIOT105,WIOT106
WIOT105,WIOT107
WIOT105,WIOT108
NOCS231,NOCS23
NOCS231,NOCS14
SSCO29,SSCO30
SEMI100,SEMI1
CAIM453,NOCS205
CAIM453,NOCS158
CAIM453,CAIM265
CAIM453,NOCS232
CAIM453,CAIM174
CAIM453,NOCS45
CAIM454,CAIM455
CAIM454,CAIM129
CAIM454,CAIM456
DCRT28,NOCS56
DCRT28,DCRT88
DCRT28,DCRT101
DCRT28,DCRT27
DCRT28,DCRT29
DCRT28,DCRT89
DCRT28,DCRT102
CAIM457,CAIM2
CAIM457,CAIM3
CAIM457,CAIM6
CAIM457,CAIM18
CAIM457,CAIM7
CAIM457,CAIM456
CAIM457,CAIM458
CAIM457,CAIM5
CAIM409,CAIM408
CAIM409,CAIM17
CAIM409,CAIM361
CAIM409,CAIM21
NOCS233,NOCS204
SSCO31,SSCO32
MLAI10,CAIM1
MLAI10,MLAI47
SEMI101,AMSC55
SEMI101,AMSC56
CAIM244,CAIM459
CAIM244,CAIM460
CAIM244,CAIM14
CAIM461,CAIM462
NOCS234,NOCS235
CAIM463,CAIM464
CAIM463,CAIM465
NOCS236,NOCS237
NOCS236,NOCS238
NOCS236,SECU7
NOCS239,NOCS240
NOCS239,NOCS241
NOCS239,NOCS238
CAIM466,CAIM131
CAIM467,CAIM170
MLAI32,MLAI26
MLAI32,MLAI27
MLAI32,MLAI43
MLAI32,MLAI48
DCRT103,NOCS242
CAIM468,CAIM409
CAIM468,CAIM361
CAIM468,CAIM469
CAIM468,CAIM410
CAIM470,CAIM465
CAIM471,CAIM455
CAIM471,CAIM408
CAIM471,CAIM472
CAIM471,CAIM473
CAIM474,CAIM2
CAIM474,CAIM3
CAIM474,CAIM456
CAIM475,CAIM476
CAIM475,CAIM447
CAIM475,CAIM360
CAIM475,CAIM373
CAIM475,CAIM477
CAIM475,CAIM250
CAIM355,CAIM357
CAIM355,NOCS194
SECU28,SECU29
NOCS243,NOCS60
NOCS243,NOCS61
SEMI102,SEMI103
SEMI102,DCRT88
SEMI104,CAIM62
SEMI104,SEMI80
NOCS244,NOCS245
NOCS244,NOCS148
CAIM391,CAIM411
CAIM391,CAIM414
WIOT109,WIOT33
WIOT109,CAIM24
WIOT109,WIOT110
WIOT109,WIOT35
MLAI49,MLAI50
SSCO33,WIOT109
SSCO33,WIOT111
CAIM478,CAIM479
CAIM478,CAIM480
CAIM478,CAIM460
SEMI105,SEMI106
WIOT112,MLAI51
SEMI40,SEMI41
MLAI52,MLAI42
WIOT60,WIOT39
CAIM481,CAIM1
CAIM481,CAIM482
SEMI107,SEMI100
SEMI107,WIOT109
CAIM483,CAIM216
CAIM484,CAIM485
CAIM484,CAIM486
CAIM484,CAIM464
CAIM484,CAIM487
CAIM488,CAIM121
CAIM489,CAIM490
MLAI53,MLAI54
AMSC57,AMSC51
AMSC57,CAIM491
SSCO34,SSCO28
SSCO34,SSCO35
NOCS246,NOCS247
SEMI108,SEMI46
SEMI108,SEMI47
NOCS248,NOCS46
NOCS248,NOCS249
AMSC58,AMSC59
MLAI3,CAIM131
MLAI3,CAIM373
CAIM492,NOCS2
CAIM492,CAIM323
CAIM492,CAIM14
DCRT104,DCRT10
DCRT104,CAIM493
CAIM494,AMSC51
CAIM494,CAIM117
CAIM495,CAIM496
WIOT113,WIOT98
WIOT113,WIOT112
WIOT113,WIOT114
NOCS250,WIOT39
NOCS242,DCRT105
MLAI55,CAIM497
SEMI24,SEMI109
CAIM498,CAIM499
CAIM498,CAIM500
SEMI110,SEMI5
SEMI110,SEMI6
MLAI56,MLAI57
CAIM501,CAIM502
SEMI111,SEMI7
CAIM356,CAIM358
NOCS251,NOCS188
SEMI112,SEMI113
CAIM503,CAIM160
NOCS252,NOCS23
CAIM504,WIOT115
CAIM505,CAIM506
CAIM435,CAIM507
NOCS253,NOCS60
NOCS253,NOCS67
NOCS253,NOCS254
NOCS255,NOCS150
NOCS255,NOCS256
CAIM508,CAIM447
CAIM508,CAIM509
SEMI89,SEMI90
SEMI114,SEMI115
AMSC60,WIOT116
AMSC60,CAIM500
SEMI116,NOCS76
WIOT117,WIOT118
CAIM510,CAIM511
NOCS257,NOCS26
NOCS124,CAIM317
NOCS258,NOCS212
NOCS259,NOCS260
NOCS259,NOCS261
NOCS259,NOCS262
NOCS263,NOCS61
DCRT106,DCRT83
MLAI58,MLAI59
CAIM371,CAIM512
WIOT119,WIOT102
SSCO36,MLAI60
SECU13,SECU21
NOCS264,DCRT86
NOCS264,DCRT88
NOCS264,DCRT107
CAIM513,CAIM494
CAIM4,CAIM507
SSCO37,SEMI117
NOCS187,NOCS188
SEMI118,SEMI119
CAIM514,SSCO38
CAIM514,CAIM463
SSCO39,SSCO40
AMSC61,AMSC62
SECU30,WIOT60
NOCS265,NOCS22
NOCS266,AMSC57
NOCS266,CAIM491
NOCS202,NOCS267
CAIM507,CAIM515
CAIM516,CAIM512
SEMI120,CAIM500
WIOT120,CAIM250
SEMI117,NOCS134
NOCS47,WIOT121
MLAI61,WIOT122
SEMI90,SEMI91
AMSC63,AMSC16
AMSC64,CAIM517
WIOT123,WIOT121
SEMI121,SEMI122
CAIM381,SECU10
CAIM381,CAIM518
SECU31,SECU22
SECU31,SECU24
SECU32,CAIM517
CAIM26,WIOT61
NOCS111,NOCS112
CAIM519,AMSC65
WIOT124,WIOT125
WIOT124,WIOT126
WIOT127,WIOT128
AMSC66,AMSC67
WIOT129,MLAI62
DCRT108,DCRT74
DCRT108,DCRT109
SEMI123,SEMI124
CAIM520,CAIM521
CAIM520,CAIM522
WIOT130,WIOT131
MLAI63,MLAI64
SEMI125,MLAI15
WIOT132,NOCS268
CAIM523,CAIM278
CAIM523,CAIM524
SEMI126,SEMI127
SEMI126,SEMI128
WIOT133,WIOT134
WIOT135,WIOT136
SEMI129,SEMI48
NOCS269,NOCS270
WIOT137,CAIM525
WIOT138,SEMI63
CAIM526,CAIM9
SEMI130,SEMI19
SEMI130,SEMI131
CAIM527,WIOT62
WIOT139,WIOT140
AMSC68,AMSC69
CAIM528,CAIM504
CAIM529,AMSC70
WIOT141,SEMI132
WIOT142,WIOT143
WIOT144,WIOT145
CAIM530,CAIM465
SECU33,SECU34
SECU33,SECU35
CAIM531,SSCO41
CAIM531,CAIM532
SSCO42,SSCO43
SSCO44,SSCO45
AMSC71,AMSC72
CAIM533,CAIM534
SSCO46,SSCO47
CAIM535,AMSC73
WIOT146,WIOT147
WIOT148,WIOT10
WIOT148,WIOT13
WIOT148,WIOT14
WIOT148,WIOT38
WIOT149,WIOT19
WIOT149,WIOT150
WIOT149,WIOT35
WIOT149,WIOT151
WIOT152,WIOT9
WIOT153,WIOT154
WIOT153,WIOT155
WIOT156,WIOT157
WIOT158,WIOT159
SECU36,SECU37
WIOT160,WIOT161
WIOT162,WIOT163
AMSC74,AMSC75
WIOT164,WIOT30
WIOT165,SEMI133
WIOT166,WIOT167
WIOT155,SSCO48
WIOT168,WIOT169
WIOT170,WIOT171
WIOT172,WIOT162
WIOT173,AMSC76
WIOT174,SSCO49
WIOT175,WIOT176
CAIM536,CAIM537
CAIM536,CAIM80
CAIM536,NOCS85
CAIM536,CAIM538
CAIM536,CAIM157
CAIM536,CAIM539
CAIM536,CAIM307
CAIM536,CAIM540
CAIM536,CAIM134
CAIM536,CAIM137
CAIM536,CAIM541
CAIM536,CAIM145
CAIM536,CAIM146
CAIM536,CAIM542
CAIM536,CAIM543
CAIM536,CAIM161
CAIM536,CAIM333
CAIM536,CAIM422
CAIM536,CAIM338
CAIM536,AMSC39
CAIM536,NOCS271
CAIM536,CAIM544
CAIM536,MLAI1
CAIM536,CAIM341
CAIM536,CAIM188
CAIM536,SEMI134
CAIM536,CAIM545
CAIM536,WIOT177
CAIM536,CAIM332
CAIM536,CAIM546
CAIM536,CAIM547
CAIM536,CAIM138
CAIM536,CAIM86
CAIM536,CAIM548
CAIM536,DCRT110
CAIM536,DCRT80
CAIM536,CAIM286
CAIM536,NOCS272
CAIM536,NOCS273
CAIM536,CAIM247
CAIM536,NOCS117
CAIM536,CAIM549
CAIM536,DCRT78
CAIM536,DCRT71
CAIM536,CAIM550
CAIM536,CAIM551
CAIM536,CAIM552
CAIM536,CAIM553
CAIM536,SSCO4
CAIM536,DCRT111
CAIM536,DCRT112
CAIM536,CAIM304
CAIM536,CAIM554
CAIM536,DCRT64
CAIM536,DCRT84
CAIM536,CAIM156
CAIM536,CAIM60
CAIM536,CAIM152
CAIM536,CAIM555
CAIM536,CAIM140
CAIM536,CAIM556
CAIM536,SEMI135
CAIM536,CAIM405
CAIM536,AMSC77
CAIM536,CAIM557
CAIM536,CAIM558
CAIM536,CAIM559
CAIM536,CAIM560
CAIM536,CAIM561
CAIM536,CAIM220
CAIM536,DCRT66
CAIM536,CAIM345
CAIM536,CAIM562
CAIM536,CAIM563
CAIM536,CAIM564
CAIM536,CAIM565
CAIM536,SSCO50
CAIM536,SEMI136
CAIM536,AMSC78
CAIM536,CAIM566
CAIM536,SECU38
CAIM536,CAIM567
CAIM536,CAIM568
CAIM536,CAIM569
CAIM536,CAIM570
CAIM536,NOCS274
CAIM536,DCRT113
CAIM536,DCRT114
CAIM536,NOCS275
CAIM536,CAIM571
CAIM536,DCRT115
CAIM536,CAIM572
CAIM536,AMSC79
CAIM573,CAIM574
CAIM573,AMSC54
CAIM573,AMSC80
CAIM573,CAIM575
CAIM573,CAIM576
CAIM573,CAIM577
CAIM573,CAIM578
CAIM573,CAIM579
CAIM573,SSCO51
CAIM573,CAIM580
CAIM573,CAIM581
CAIM573,SSCO52
CAIM573,CAIM582
CAIM573,CAIM583
CAIM573,CAIM584
CAIM573,CAIM585
CAIM573,CAIM586
CAIM573,AMSC81
CAIM573,AMSC82
CAIM573,AMSC83
CAIM573,WIOT178
CAIM573,CAIM587
CAIM573,CAIM588
CAIM573,SEMI137
CAIM573,CAIM589
CAIM573,CAIM590
CAIM573,CAIM591
DCRT74,SEMI93
DCRT74,SEMI7
DCRT74,SEMI138
DCRT74,DCRT116
DCRT74,MLAI45
DCRT74,DCRT117
DCRT74,DCRT118
DCRT74,DCRT109
DCRT74,DCRT119
WIOT179,SSCO53
WIOT179,WIOT180
WIOT179,WIOT181
WIOT179,WIOT182
WIOT179,SSCO54
WIOT179,WIOT183
CAIM562,CAIM592
CAIM562,CAIM32
CAIM562,CAIM593
CAIM562,CAIM158
CAIM562,CAIM184
CAIM562,CAIM204
CAIM562,CAIM230
CAIM562,CAIM242
CAIM562,CAIM541
CAIM562,CAIM277
CAIM562,CAIM215
CAIM562,CAIM542
CAIM562,CAIM305
CAIM562,CAIM197
CAIM562,CAIM594
CAIM562,CAIM352
CAIM562,DCRT49
CAIM562,CAIM430
CAIM562,CAIM199
CAIM562,CAIM595
CAIM562,CAIM33
CAIM562,CAIM596
CAIM562,CAIM564
CAIM562,CAIM597
CAIM562,CAIM149
CAIM562,CAIM243
CAIM562,CAIM598
CAIM562,CAIM599
CAIM562,CAIM568
CAIM562,CAIM205
CAIM562,CAIM343
CAIM562,CAIM165
CAIM562,CAIM228
CAIM562,CAIM270
CAIM562,CAIM166
CAIM562,CAIM189
CAIM562,CAIM600
CAIM562,CAIM150
CAIM562,CAIM255
CAIM562,CAIM601
CAIM562,CAIM200
CAIM562,CAIM602
CAIM562,CAIM603
CAIM562,CAIM604
CAIM562,CAIM605
CAIM562,CAIM555
CAIM562,CAIM140
WIOT184,WIOT92
WIOT184,AMSC84
WIOT184,WIOT144
WIOT184,WIOT185
WIOT184,WIOT93
WIOT184,WIOT186
AMSC85,AMSC86
AMSC85,AMSC87
AMSC85,AMSC88
AMSC85,AMSC89
AMSC85,AMSC90
AMSC85,AMSC91
AMSC85,AMSC92
AMSC85,AMSC93
AMSC85,AMSC94
AMSC85,AMSC95
CAIM589,CAIM606
CAIM589,SECU39
CAIM589,CAIM579
CAIM589,CAIM607
CAIM589,CAIM608
CAIM589,CAIM580
CAIM589,CAIM584
CAIM589,CAIM585
CAIM589,WIOT187
WIOT181,WIOT188
WIOT181,WIOT189
WIOT190,WIOT41
WIOT190,SEMI63
WIOT190,WIOT173
WIOT190,WIOT191
WIOT190,WIOT192
WIOT190,WIOT193
WIOT190,WIOT194
WIOT190,WIOT195
WIOT190,WIOT196
WIOT190,WIOT197
WIOT190,WIOT131
SEMI139,SEMI51
SEMI139,CAIM341
CAIM609,CAIM610
CAIM609,CAIM611
CAIM609,CAIM612
CAIM609,CAIM547
CAIM609,CAIM613
CAIM609,CAIM614
CAIM609,CAIM615
CAIM609,CAIM616
CAIM609,CAIM548
CAIM609,CAIM617
CAIM609,AMSC96
CAIM609,CAIM605
CAIM609,CAIM551
AMSC97,AMSC98
AMSC97,AMSC99
AMSC97,AMSC100
AMSC97,AMSC101
AMSC97,WIOT198
AMSC97,AMSC102
AMSC97,AMSC103
AMSC97,AMSC104
AMSC97,AMSC105
AMSC97,SEMI140
AMSC97,CAIM618
AMSC97,AMSC106
AMSC97,AMSC107
CAIM341,NOCS276
CAIM341,CAIM619
CAIM341,CAIM29
CAIM341,CAIM91
CAIM341,CAIM329
CAIM341,AMSC55
CAIM341,CAIM404
CAIM341,CAIM425
CAIM341,CAIM61
CAIM341,CAIM444
CAIM341,CAIM54
CAIM341,CAIM83
CAIM341,CAIM331
CAIM341,CAIM56
CAIM341,CAIM545
CAIM341,CAIM74
CAIM341,WIOT199
CAIM341,CAIM57
CAIM341,CAIM332
CAIM341,CAIM620
CAIM341,CAIM84
CAIM341,CAIM59
CAIM341,AMSC108
CAIM341,AMSC30
CAIM341,CAIM86
CAIM341,CAIM92
CAIM341,CAIM621
CAIM341,CAIM622
CAIM341,CAIM49
CAIM341,CAIM623
CAIM341,CAIM60
CAIM341,CAIM405
WIOT200,WIOT201
WIOT200,WIOT202
WIOT200,WIOT203
WIOT200,WIOT204
AMSC109,WIOT205
AMSC109,AMSC110
AMSC109,AMSC17
CAIM624,CAIM132
CAIM624,CAIM135
CAIM624,CAIM625
CAIM624,CAIM133
CAIM624,CAIM137
CAIM624,CAIM187
CAIM624,CAIM296
CAIM624,CAIM161
CAIM624,CAIM345
CAIM624,CAIM163
CAIM624,CAIM626
CAIM624,CAIM547
CAIM624,CAIM241
CAIM624,CAIM138
CAIM624,CAIM139
CAIM624,NOCS277
WIOT206,AMSC111
WIOT206,WIOT207
WIOT206,WIOT208
WIOT206,WIOT209
WIOT206,WIOT210
WIOT206,WIOT211
WIOT206,WIOT212
CAIM576,CAIM627
CAIM576,CAIM575
CAIM576,SECU39
CAIM576,CAIM628
CAIM576,SEMI141
CAIM576,CAIM578
CAIM576,CAIM581
CAIM576,CAIM629
CAIM576,CAIM110
CAIM576,CAIM588
WIOT213,WIOT173
WIOT213,WIOT191
WIOT213,SEMI142
WIOT213,WIOT214
WIOT213,WIOT192
WIOT213,WIOT194
WIOT213,WIOT195
WIOT213,WIOT196
CAIM630,CAIM631
CAIM630,CAIM632
CAIM630,CAIM633
CAIM630,CAIM634
CAIM630,CAIM635
CAIM630,CAIM192
CAIM630,CAIM636
AMSC112,SEMI43
AMSC112,SEMI40
AMSC112,SSCO51
AMSC112,SEMI134
AMSC112,SEMI143
AMSC112,AMSC91
AMSC112,SSCO41
AMSC112,AMSC113
AMSC112,SEMI144
AMSC112,AMSC114
WIOT215,WIOT216
WIOT215,WIOT217
WIOT215,WIOT218
WIOT215,WIOT219
WIOT215,WIOT220
WIOT215,WIOT221
WIOT215,WIOT222
WIOT215,WIOT223
WIOT215,WIOT224
CAIM577,WIOT225
CAIM577,CAIM578
CAIM577,AMSC115
CAIM577,CAIM581
CAIM577,CAIM584
CAIM577,WIOT226
CAIM577,WIOT227
CAIM577,SEMI145
CAIM577,CAIM588
CAIM637,CAIM638
CAIM637,CAIM639
CAIM637,CAIM422
CAIM637,CAIM640
CAIM637,CAIM641
CAIM637,CAIM55
CAIM637,CAIM56
CAIM637,CAIM74
CAIM637,CAIM642
CAIM637,CAIM643
CAIM637,CAIM86
CAIM637,CAIM644
CAIM637,CAIM645
CAIM637,CAIM646
CAIM637,SEMI146
CAIM637,CAIM647
WIOT228,WIOT229
WIOT228,WIOT230
WIOT228,WIOT231
WIOT228,WIOT232
WIOT233,WIOT234
WIOT233,WIOT185
WIOT233,WIOT235
WIOT233,WIOT236
WIOT233,AMSC116
WIOT233,WIOT203
WIOT231,WIOT237
WIOT231,WIOT188
WIOT231,WIOT238
WIOT231,WIOT239
WIOT231,WIOT240
WIOT231,WIOT241
WIOT231,WIOT242
WIOT231,WIOT243
WIOT231,WIOT244
CAIM648,CAIM232
CAIM648,CAIM649
CAIM648,CAIM513
CAIM648,CAIM637
CAIM648,CAIM83
CAIM648,CAIM55
CAIM648,CAIM56
CAIM648,CAIM74
CAIM648,CAIM31
CAIM648,CAIM84
CAIM648,CAIM650
CAIM648,CAIM86
CAIM648,CAIM644
CAIM648,CAIM651
CAIM648,NOCS76
CAIM648,CAIM623
CAIM648,CAIM75
CAIM648,CAIM98
CAIM652,CAIM78
CAIM652,NOCS254
CAIM652,CAIM154
CAIM652,NOCS157
CAIM652,NOCS278
CAIM652,DCRT42
CAIM652,NOCS168
CAIM652,NOCS279
CAIM652,CAIM162
CAIM652,CAIM624
CAIM652,AMSC117
CAIM652,WIOT245
CAIM652,CAIM653
CAIM652,SEMI143
CAIM652,AMSC118
CAIM652,WIOT177
CAIM652,CAIM654
AMSC119,AMSC120
AMSC119,CAIM655
AMSC119,AMSC121
AMSC119,AMSC122
AMSC119,AMSC123
SECU39,SECU40
SECU39,SECU41
SECU39,SECU42
SECU39,SECU43
WIOT246,WIOT236
WIOT246,WIOT247
WIOT246,WIOT248
AMSC124,AMSC125
AMSC124,SSCO53
AMSC124,AMSC93
AMSC124,WIOT249
AMSC124,AMSC126
AMSC124,AMSC83
AMSC127,AMSC128
AMSC127,AMSC129
SEMI147,CAIM529
SEMI147,AMSC70
SEMI147,MLAI65
AMSC27,AMSC130
AMSC27,AMSC73
AMSC27,AMSC131
AMSC27,SEMI148
AMSC27,WIOT199
AMSC27,AMSC108
AMSC27,AMSC132
WIOT250,WIOT216
WIOT250,WIOT251
WIOT252,WIOT201
WIOT252,WIOT234
WIOT252,WIOT203
WIOT252,WIOT204
CAIM656,CAIM338
CAIM656,CAIM657
CAIM656,CAIM488
CAIM656,CAIM494
CAIM656,CAIM658
CAIM656,CAIM659
CAIM656,CAIM74
CAIM656,CAIM642
CAIM656,CAIM646
CAIM656,SEMI149
CAIM656,CAIM647
WIOT188,WIOT207
WIOT188,WIOT209
WIOT188,WIOT253
WIOT188,WIOT254
AMSC133,CAIM660
AMSC133,CAIM368
AMSC133,CAIM447
AMSC133,AMSC134
AMSC133,CAIM249
AMSC133,SEMI150
AMSC133,SEMI151
AMSC133,CAIM86
AMSC133,CAIM661
WIOT238,WIOT143
WIOT238,WIOT255
WIOT238,WIOT256
WIOT238,WIOT257
WIOT238,WIOT258
WIOT238,WIOT259
WIOT238,WIOT223
WIOT238,WIOT247
WIOT238,WIOT203
WIOT238,WIOT254
AMSC135,AMSC68
AMSC135,WIOT146
AMSC135,AMSC115
AMSC135,CAIM253
AMSC135,AMSC136
AMSC135,AMSC137
AMSC135,WIOT227
AMSC135,CAIM662
CAIM596,AMSC138
CAIM596,CAIM158
CAIM596,CAIM663
CAIM596,CAIM664
CAIM596,CAIM227
CAIM596,CAIM268
CAIM596,CAIM161
CAIM596,CAIM252
CAIM596,CAIM149
CAIM596,CAIM286
CAIM596,CAIM247
CAIM596,CAIM601
CAIM596,CAIM104
CAIM596,CAIM662
CAIM596,NOCS148
AMSC87,AMSC139
AMSC87,AMSC140
AMSC87,AMSC141
AMSC87,AMSC115
AMSC87,WIOT199
AMSC87,AMSC142
AMSC87,AMSC143
AMSC87,WIOT91
AMSC144,WIOT225
AMSC144,AMSC145
CAIM628,CAIM665
CAIM628,WIOT260
AMSC146,AMSC147
AMSC146,WIOT261
AMSC146,AMSC143
AMSC146,CAIM585
WIOT143,WIOT223
WIOT143,WIOT262
WIOT143,WIOT204
WIOT263,WIOT190
WIOT263,WIOT213
WIOT263,WIOT264
WIOT263,WIOT265
WIOT263,WIOT136
WIOT263,WIOT266
WIOT263,WIOT267
WIOT263,WIOT194
WIOT240,WIOT268
WIOT240,WIOT269
WIOT191,WIOT173
WIOT191,WIOT192
WIOT191,WIOT194
WIOT191,WIOT195
WIOT191,WIOT196
SEMI141,WIOT111
SEMI141,CAIM666
SEMI141,WIOT270
SEMI141,SEMI152
SEMI141,WIOT226
SEMI141,WIOT271
SEMI141,WIOT272
WIOT273,WIOT274
WIOT273,WIOT275
AMSC148,AMSC149
AMSC148,WIOT247
WIOT182,WIOT125
WIOT182,SEMI107
WIOT182,WIOT124
WIOT182,WIOT276
WIOT182,WIOT199
WIOT182,WIOT277
WIOT182,WIOT278
WIOT182,WIOT126
WIOT182,WIOT279
CAIM667,AMSC98
CAIM667,AMSC150
CAIM667,CAIM668
AMSC151,AMSC152
AMSC151,AMSC153
AMSC151,AMSC154
AMSC151,AMSC155
AMSC151,SEMI153
AMSC151,AMSC156
AMSC157,AMSC130
AMSC157,AMSC27
AMSC157,SEMI154
AMSC157,AMSC108
AMSC157,AMSC132
WIOT280,WIOT213
WIOT280,WIOT191
WIOT280,SEMI142
WIOT280,WIOT192
WIOT280,WIOT267
WIOT280,WIOT194
WIOT280,WIOT196
SEMI155,SEMI156
WIOT281,WIOT282
WIOT281,AMSC111
WIOT281,WIOT207
WIOT281,WIOT210
WIOT281,WIOT212
AMSC158,AMSC159
WIOT283,WIOT284
WIOT283,CAIM669
WIOT283,CAIM436
WIOT283,CAIM437
WIOT283,WIOT285
WIOT283,WIOT286
WIOT283,WIOT287
WIOT283,CAIM670
WIOT283,CAIM192
SECU44,CAIM340
SECU44,CAIM444
SECU44,SECU45
SECU44,CAIM341
SECU44,CAIM545
SECU44,SECU46
SECU44,CAIM84
SECU44,SECU47
SECU44,NOCS280
AMSC159,WIOT255
AMSC159,WIOT202
WIOT288,WIOT138
WIOT288,WIOT172
WIOT288,CAIM589
WIOT288,CAIM628
WIOT288,AMSC160
WIOT288,SEMI157
WIOT288,WIOT289
WIOT288,WIOT266
WIOT288,SEMI142
WIOT288,SSCO43
WIOT288,WIOT187
WIOT217,WIOT290
WIOT217,SEMI158
WIOT217,WIOT256
WIOT217,WIOT291
WIOT217,WIOT292
AMSC161,SEMI46
AMSC161,AMSC68
AMSC161,AMSC69
AMSC161,SSCO51
AMSC161,CAIM582
AMSC161,AMSC142
AMSC161,SEMI47
AMSC161,AMSC137
AMSC161,SEMI159
CAIM671,CAIM672
CAIM671,CAIM659
CAIM671,CAIM673
CAIM671,CAIM651
CAIM671,CAIM646
CAIM671,SEMI149
AMSC162,AMSC163
AMSC162,AMSC27
AMSC162,CAIM674
AMSC162,CAIM105
AMSC164,AMSC165
AMSC164,AMSC166
AMSC164,AMSC167
AMSC164,AMSC89
AMSC164,AMSC168
AMSC164,AMSC91
AMSC164,WIOT177
AMSC164,AMSC169
AMSC164,AMSC170
AMSC164,AMSC94
AMSC164,AMSC171
AMSC164,AMSC145
AMSC117,AMSC92
WIOT293,WIOT294
WIOT293,WIOT295
WIOT293,WIOT255
WIOT293,WIOT296
WIOT293,WIOT297
WIOT293,WIOT298
AMSC88,AMSC117
AMSC88,AMSC92
AMSC172,AMSC130
AMSC172,AMSC132
WIOT245,WIOT59
WIOT245,WIOT299
WIOT245,WIOT300
WIOT290,WIOT301
WIOT290,WIOT302
WIOT303,NOCS265
WIOT303,WIOT182
WIOT303,WIOT220
WIOT303,WIOT304
WIOT303,WIOT278
NOCS281,NOCS282
WIOT305,WIOT239
WIOT305,WIOT268
WIOT305,WIOT306
WIOT307,WIOT308
CAIM578,CAIM675
CAIM578,WIOT226
CAIM578,AMSC136
CAIM578,CAIM588
WIOT309,WIOT310
WIOT309,WIOT311
WIOT309,WIOT312
WIOT309,WIOT313
WIOT309,WIOT291
WIOT309,WIOT292
WIOT314,WIOT315
WIOT314,WIOT202
WIOT314,WIOT204
SECU48,SECU33
SECU48,SECU49
AMSC173,AMSC174
AMSC173,AMSC46
AMSC173,AMSC175
AMSC173,AMSC47
AMSC173,AMSC152
AMSC173,AMSC165
AMSC173,AMSC167
AMSC173,AMSC176
AMSC173,AMSC177
AMSC173,AMSC114
AMSC99,AMSC101
AMSC99,AMSC104
AMSC99,SEMI140
AMSC99,SEMI132
WIOT316,WIOT216
WIOT316,WIOT317
WIOT316,WIOT318
CAIM579,CAIM584
WIOT294,WIOT319
WIOT294,WIOT223
CAIM563,CAIM273
CAIM563,CAIM348
CAIM563,CAIM307
CAIM563,CAIM274
CAIM563,CAIM346
CAIM563,CAIM676
CAIM563,CAIM54
CAIM563,AMSC178
CAIM563,CAIM188
CAIM563,CAIM677
CAIM563,CAIM678
CAIM563,CAIM140
AMSC165,AMSC152
AMSC165,AMSC144
AMSC165,AMSC179
AMSC165,AMSC154
AMSC165,AMSC155
AMSC153,AMSC131
AMSC180,AMSC46
AMSC180,AMSC181
AMSC180,AMSC182
AMSC180,AMSC92
AMSC180,AMSC183
AMSC180,AMSC170
AMSC180,AMSC184
AMSC166,AMSC161
AMSC166,AMSC165
AMSC166,AMSC179
AMSC166,AMSC89
AMSC166,AMSC185
AMSC166,AMSC91
AMSC166,AMSC62
AMSC166,AMSC154
AMSC166,AMSC186
CAIM564,CAIM398
CAIM564,CAIM66
CAIM564,CAIM70
CAIM564,CAIM137
CAIM564,CAIM291
CAIM564,CAIM161
CAIM564,CAIM252
CAIM564,CAIM292
CAIM564,CAIM377
CAIM564,CAIM667
CAIM564,CAIM678
CAIM564,CAIM138
CAIM564,CAIM189
CAIM564,CAIM255
CAIM564,CAIM668
CAIM564,CAIM293
CAIM564,CAIM294
CAIM607,MLAI66
CAIM607,MLAI67
WIOT320,WIOT59
WIOT320,WIOT321
WIOT320,WIOT245
AMSC187,WIOT191
AMSC149,AMSC188
WIOT322,CAIM679
WIOT322,WIOT323
WIOT322,WIOT324
WIOT322,WIOT325
WIOT326,WIOT250
WIOT326,SEMI158
WIOT326,WIOT327
WIOT268,WIOT313
WIOT268,WIOT306
AMSC167,AMSC68
AMSC167,AMSC69
AMSC167,AMSC142
AMSC167,AMSC137
AMSC167,AMSC189
WIOT234,AMSC111
WIOT308,WIOT275
WIOT308,WIOT328
WIOT329,WIOT215
WIOT329,WIOT218
WIOT329,SSCO55
WIOT329,WIOT222
WIOT329,WIOT330
SEMI160,WIOT331
WIOT323,WIOT274
WIOT323,WIOT325
CAIM83,CAIM115
CAIM83,CAIM126
CAIM83,CAIM56
CAIM83,CAIM629
CAIM83,CAIM57
CAIM83,CAIM31
CAIM83,CAIM620
CAIM83,CAIM86
CAIM83,CAIM92
CAIM83,WIOT91
CAIM83,CAIM248
CAIM83,CAIM623
WIOT241,WIOT332
WIOT241,WIOT253
AMSC111,WIOT256
AMSC111,WIOT210
AMSC111,WIOT211
WIOT333,WIOT274
WIOT333,WIOT334
WIOT333,WIOT335
CAIM597,CAIM133
CAIM597,CAIM215
CAIM597,CAIM232
CAIM597,CAIM199
CAIM597,WIOT111
CAIM597,CAIM568
CAIM597,CAIM241
CAIM597,SEMI57
CAIM597,CAIM680
CAIM597,WIOT336
CAIM149,CAIM681
CAIM149,CAIM148
CAIM149,CAIM261
CAIM149,CAIM682
CAIM149,SEMI134
CAIM149,CAIM85
CAIM149,CAIM200
CAIM149,CAIM140
WIOT337,WIOT291
DCRT120,DCRT121
DCRT120,DCRT74
DCRT120,DCRT122
DCRT120,DCRT109
CAIM683,CAIM70
CAIM683,CAIM135
CAIM683,CAIM539
CAIM683,CAIM187
CAIM683,CAIM684
CAIM683,CAIM163
CAIM683,CAIM624
CAIM683,CAIM188
CAIM683,CAIM626
CAIM683,SEMI161
CAIM683,CAIM241
CAIM683,NOCS283
AMSC100,AMSC27
CAIM608,CAIM579
CAIM608,CAIM580
CAIM608,CAIM584
WIOT338,WIOT250
WIOT339,WIOT340
WIOT339,WIOT288
AMSC128,AMSC190
WIOT341,WIOT342
WIOT341,WIOT343
WIOT341,WIOT189
CAIM685,NOCS189
CAIM685,CAIM348
CAIM685,CAIM686
CAIM685,CAIM346
CAIM685,CAIM687
CAIM685,CAIM427
CAIM685,CAIM563
CAIM685,CAIM188
CAIM685,CAIM688
CAIM685,SSCO50
CAIM685,CAIM31
CAIM685,CAIM570
AMSC101,AMSC191
SEMI162,SEMI163
SEMI162,SEMI134
SEMI162,SEMI143
SEMI162,SEMI164
SEMI162,SEMI148
SEMI162,SEMI165
SECU50,SECU51
SECU50,SECU52
SECU50,SECU53
SECU50,CAIM689
WIOT344,WIOT191
WIOT344,WIOT195
CAIM690,CAIM61
CAIM690,CAIM691
CAIM690,CAIM609
CAIM690,CAIM547
CAIM690,CAIM614
CAIM690,CAIM617
CAIM690,CAIM662
WIOT311,WIOT312
WIOT311,WIOT345
WIOT311,WIOT346
WIOT311,WIOT292
WIOT347,WIOT230
WIOT347,WIOT181
WIOT347,WIOT228
WIOT347,WIOT232
WIOT347,CAIM692
CAIM693,CAIM31
CAIM693,CAIM650
CAIM693,CAIM644
WIOT295,WIOT301
WIOT295,WIOT290
WIOT295,WIOT327
WIOT295,WIOT346
WIOT295,WIOT292
CAIM188,NOCS189
CAIM188,AMSC39
CAIM188,SECU39
CAIM188,CAIM74
CAIM188,CAIM139
CAIM188,SEMI166
CAIM188,CAIM555
CAIM188,CAIM140
WIOT317,WIOT235
WIOT317,WIOT348
WIOT317,WIOT253
WIOT317,WIOT277
WIOT349,AMSC124
WIOT349,WIOT186
WIOT349,WIOT350
WIOT349,CAIM59
WIOT349,WIOT351
AMSC179,AMSC192
AMSC179,AMSC154
AMSC179,AMSC155
CAIM580,CAIM575
WIOT352,WIOT322
WIOT352,WIOT177
WIOT352,WIOT353
SSCO56,SEMI167
SSCO56,DCRT123
AMSC193,AMSC120
AMSC193,AMSC167
WIOT342,WIOT343
WIOT354,CAIM589
WIOT354,WIOT231
WIOT354,WIOT93
CAIM565,CAIM154
CAIM565,NOCS107
CAIM565,DCRT42
CAIM565,CAIM211
CAIM565,SEMI168
CAIM565,DCRT74
CAIM565,CAIM642
CAIM565,CAIM212
WIOT255,WIOT202
WIOT255,WIOT318
CAIM694,AMSC112
CAIM694,SEMI134
CAIM694,CAIM566
CAIM694,WIOT177
CAIM694,CAIM567
WIOT355,WIOT240
WIOT355,WIOT268
WIOT355,WIOT269
AMSC194,AMSC181
AMSC194,AMSC195
AMSC194,AMSC136
AMSC194,AMSC196
AMSC194,AMSC177
WIOT356,WIOT248
AMSC197,AMSC198
AMSC197,AMSC120
AMSC197,AMSC193
CAIM581,CAIM608
CAIM581,CAIM587
AMSC181,AMSC188
AMSC181,AMSC177
AMSC181,AMSC199
CAIM695,CAIM696
CAIM695,CAIM697
CAIM695,CAIM67
CAIM695,CAIM25
WIOT357,WIOT302
WIOT357,WIOT358
CAIM164,SEMI19
CAIM164,CAIM619
CAIM164,AMSC200
CAIM164,CAIM535
CAIM164,CAIM56
CAIM164,WIOT91
CAIM164,SEMI169
WIOT218,WIOT219
WIOT218,WIOT312
WIOT218,WIOT359
WIOT218,WIOT291
SEMI170,AMSC201
SEMI170,WIOT331
SEMI171,WIOT270
WIOT360,WIOT276
WIOT361,WIOT362
WIOT361,WIOT247
WIOT219,WIOT301
WIOT219,WIOT216
WIOT219,WIOT327
WIOT219,WIOT221
WIOT363,WIOT364
WIOT363,WIOT365
WIOT363,WIOT134
WIOT140,WIOT262
WIOT140,WIOT366
WIOT367,WIOT59
WIOT367,WIOT320
WIOT367,WIOT368
SEMI172,WIOT328
CAIM610,AMSC56
CAIM610,SEMI173
WIOT369,WIOT370
WIOT369,WIOT345
WIOT369,WIOT330
WIOT369,WIOT189
SSCO57,SSCO58
SSCO57,WIOT188
SSCO57,SSCO59
CAIM698,CAIM699
CAIM698,CAIM700
CAIM698,CAIM146
CAIM698,CAIM342
CAIM698,CAIM617
CAIM698,CAIM680
CAIM698,AMSC96
CAIM698,CAIM168
SEMI134,CAIM585
AMSC202,SSCO41
WIOT371,AMSC203
WIOT371,AMSC204
WIOT371,AMSC82
WIOT371,AMSC205
WIOT372,WIOT137
WIOT372,CAIM525
SSCO55,AMSC206
CAIM55,SEMI19
CAIM55,CAIM701
CAIM55,CAIM504
WIOT373,WIOT257
WIOT257,WIOT290
WIOT257,WIOT204
AMSC207,WIOT185
CAIM653,NOCS284
CAIM653,NOCS132
CAIM653,NOCS157
CAIM653,NOCS107
CAIM653,CAIM277
CAIM653,CAIM702
CAIM653,CAIM149
CAIM653,CAIM622
WIOT374,WIOT181
WIOT375,WIOT376
WIOT375,AMSC76
WIOT375,WIOT313
WIOT375,WIOT325
SEMI143,WIOT199
SEMI143,SEMI152
SEMI154,SEMI162
SEMI154,SEMI134
SEMI154,SEMI143
SEMI154,SEMI148
SEMI154,SEMI167
SEMI154,SEMI165
AMSC208,AMSC101
AMSC208,WIOT324
AMSC208,WIOT377
AMSC208,NOCS285
CAIM659,CAIM639
CAIM659,CAIM84
CAIM659,CAIM644
CAIM659,SEMI149
CAIM659,AMSC209
CAIM703,CAIM349
CAIM703,NOCS124
CAIM703,SEMI134
WIOT378,AMSC210
CAIM704,CAIM535
CAIM704,CAIM659
CAIM704,CAIM74
CAIM704,CAIM642
CAIM704,CAIM646
CAIM704,SEMI149
AMSC211,WIOT137
AMSC211,WIOT372
AMSC211,CAIM525
WIOT379,WIOT348
AMSC89,AMSC183
AMSC89,AMSC171
WIOT380,WIOT294
WIOT380,WIOT381
WIOT380,WIOT277
AMSC168,AMSC166
AMSC168,AMSC167
AMSC168,AMSC89
AMSC168,AMSC185
AMSC168,AMSC91
AMSC168,CAIM618
WIOT382,AMSC212
WIOT382,WIOT383
WIOT382,AMSC213
WIOT384,SEMI153
CAIM331,CAIM701
CAIM331,CAIM54
CAIM331,CAIM705
CAIM331,CAIM56
CAIM331,CAIM629
CAIM331,CAIM620
CAIM331,CAIM673
CAIM331,WIOT91
AMSC214,AMSC215
AMSC214,AMSC216
AMSC214,AMSC183
AMSC214,AMSC170
SEMI164,SEMI174
AMSC217,AMSC88
AMSC217,SECU54
CAIM56,SEMI167
CAIM56,AMSC108
AMSC90,AMSC136
AMSC90,AMSC156
AMSC212,AMSC218
AMSC212,AMSC116
WIOT385,CAIM706
WIOT385,WIOT363
WIOT385,WIOT134
WIOT385,WIOT386
SSCO50,CAIM707
SSCO50,CAIM595
SSCO50,SECU31
SSCO50,SSCO47
SSCO50,SSCO46
SSCO50,CAIM286
SSCO50,NOCS272
AMSC219,AMSC164
AMSC219,AMSC207
WIOT327,WIOT302
WIOT387,WIOT302
WIOT387,WIOT358
WIOT387,WIOT388
WIOT389,WIOT121
WIOT389,WIOT390
WIOT389,WIOT123
WIOT389,NOCS286
WIOT391,WIOT307
WIOT391,SEMI175
AMSC220,AMSC221
WIOT392,WIOT325
CAIM708,CAIM709
CAIM708,CAIM710
AMSC176,AMSC192
AMSC176,AMSC154
AMSC176,CAIM584
AMSC176,AMSC155
AMSC176,CAIM585
AMSC185,AMSC222
AMSC185,SSCO43
AMSC185,AMSC82
AMSC185,AMSC83
WIOT393,WIOT306
DCRT124,DCRT121
DCRT124,NOCS287
DCRT124,DCRT74
DCRT124,DCRT125
SEMI148,SEMI167
SEMI148,SEMI152
WIOT207,WIOT209
WIOT312,WIOT327
WIOT312,WIOT313
WIOT312,WIOT291
WIOT312,WIOT346
WIOT394,WIOT395
WIOT394,WIOT387
WIOT394,WIOT302
WIOT394,WIOT221
WIOT394,WIOT396
WIOT394,WIOT223
CAIM711,CAIM537
CAIM711,CAIM659
CAIM711,CAIM313
CAIM711,SEMI149
SSCO60,SSCO61
WIOT397,WIOT245
WIOT397,WIOT299
WIOT397,WIOT300
CAIM626,CAIM296
CAIM626,CAIM335
CAIM626,CAIM241
CAIM626,CAIM336
CAIM626,CAIM139
SSCO52,SEMI141
SEMI176,CAIM712
WIOT398,WIOT302
AMSC223,AMSC153
CAIM629,CAIM500
CAIM629,CAIM55
CAIM629,CAIM84
CAIM629,NOCS237
CAIM713,CAIM669
CAIM713,CAIM97
WIOT243,WIOT191
WIOT243,WIOT136
WIOT243,WIOT194
WIOT362,WIOT183
WIOT399,WIOT400
WIOT399,WIOT290
WIOT399,WIOT257
WIOT399,WIOT401
WIOT402,WIOT403
AMSC218,AMSC116
WIOT258,WIOT404
WIOT258,WIOT319
WIOT258,WIOT259
WIOT258,SSCO62
WIOT258,WIOT271
WIOT405,WIOT398
CAIM709,CAIM531
CAIM709,CAIM278
CAIM709,CAIM524
CAIM709,CAIM532
CAIM709,CAIM621
CAIM74,CAIM639
CAIM74,CAIM644
CAIM74,CAIM646
SSCO63,SSCO54
WIOT406,WIOT188
WIOT406,WIOT348
WIOT406,WIOT407
SEMI177,CAIM714
AMSC224,AMSC78
AMSC192,CAIM585
WIOT235,WIOT277
SECU55,SECU51
SECU55,SEMI5
SECU55,SECU56
SECU55,SECU57
SECU55,SEMI6
WIOT269,WIOT313
WIOT408,WIOT260
WIOT408,WIOT289
WIOT409,WIOT257
WIOT409,WIOT287
CAIM632,CAIM634
CAIM632,CAIM715
SEMI178,SEMI179
SEMI178,AMSC127
SEMI178,AMSC128
CAIM716,AMSC36
CAIM716,CAIM717
CAIM716,CAIM556
WIOT410,WIOT333
WIOT410,WIOT362
SEMI136,CAIM337
SEMI136,CAIM373
WIOT411,WIOT364
WIOT411,WIOT220
DCRT125,DCRT74
DCRT125,DCRT109
DCRT125,DCRT119
AMSC225,WIOT185
AMSC225,WIOT235
CAIM110,CAIM498
CAIM110,SSCO36
CAIM110,CAIM500
CAIM582,CAIM579
CAIM582,CAIM608
WIOT296,WIOT371
WIOT313,WIOT346
WIOT412,WIOT413
WIOT412,WIOT309
WIOT412,WIOT295
WIOT412,WIOT218
WIOT198,AMSC113
WIOT198,AMSC105
CAIM243,CAIM32
CAIM243,CAIM663
CAIM243,CAIM283
WIOT359,WIOT395
WIOT359,WIOT394
WIOT359,WIOT370
WIOT359,WIOT223
CAIM670,CAIM669
CAIM670,CAIM436
CAIM670,CAIM437
CAIM670,CAIM718
AMSC203,AMSC205
AMSC203,AMSC83
WIOT414,AMSC226
WIOT415,CAIM575
WIOT415,SECU52
WIOT415,SSCO64
WIOT416,WIOT417
WIOT416,CAIM629
WIOT416,AMSC177
AMSC227,WIOT418
WIOT419,WIOT282
DCRT122,DCRT117
DCRT122,DCRT74
AMSC91,AMSC90
WIOT420,CAIM719
WIOT420,WIOT245
WIOT420,WIOT177
WIOT420,WIOT353
WIOT420,NOCS212
WIOT421,SEMI178
WIOT302,WIOT388
WIOT259,WIOT201
WIOT259,WIOT271
AMSC228,AMSC81
SEMI180,SEMI124
AMSC142,AMSC143
WIOT422,WIOT326
AMSC62,AMSC176
AMSC62,AMSC192
AMSC62,AMSC154
AMSC62,AMSC155
AMSC62,AMSC177
WIOT423,WIOT81
WIOT423,WIOT379
WIOT423,WIOT424
WIOT423,WIOT244
AMSC229,CAIM720
AMSC229,AMSC230
AMSC231,AMSC173
AMSC231,AMSC193
WIOT220,WIOT219
WIOT220,WIOT425
AMSC232,WIOT251
AMSC232,WIOT185
AMSC232,AMSC207
AMSC195,AMSC196
WIOT93,AMSC84
WIOT93,WIOT426
WIOT93,WIOT188
WIOT93,WIOT303
WIOT93,SSCO57
WIOT93,WIOT145
WIOT93,AMSC233
WIOT93,WIOT407
SEMI181,SEMI182
AMSC78,AMSC207
AMSC78,AMSC232
WIOT221,WIOT224
WIOT396,WIOT221
WIOT396,WIOT223
WIOT324,WIOT325
WIOT370,WIOT290
WIOT370,WIOT327
WIOT370,WIOT387
WIOT370,WIOT221
WIOT370,WIOT396
WIOT343,WIOT398
WIOT343,WIOT388
WIOT427,AMSC218
WIOT427,AMSC234
AMSC160,AMSC235
WIOT186,WIOT426
WIOT186,WIOT238
WIOT186,WIOT303
WIOT186,WIOT255
WIOT186,WIOT93
WIOT186,WIOT253
WIOT261,WIOT210
SSCO62,SSCO55
AMSC204,AMSC203
AMSC204,AMSC205
AMSC204,AMSC83
AMSC236,AMSC27
AMSC216,WIOT336
AMSC216,AMSC199
CAIM598,CAIM699
CAIM598,CAIM262
CAIM598,CAIM721
CAIM598,CAIM722
CAIM598,CAIM658
CAIM598,AMSC119
CAIM598,CAIM723
CAIM253,CAIM705
CAIM253,CAIM86
CAIM253,CAIM673
SEMI152,CAIM724
WIOT291,WIOT256
AMSC235,WIOT428
WIOT429,WIOT381
WIOT232,WIOT229
WIOT236,WIOT248
WIOT430,WIOT185
WIOT430,WIOT379
WIOT430,AMSC225
AMSC237,AMSC208
AMSC237,AMSC104
AMSC238,AMSC239
WIOT345,WIOT301
WIOT345,WIOT221
AMSC190,WIOT431
WIOT222,WIOT359
WIOT222,WIOT223
WIOT222,WIOT330
CAIM566,CAIM725
AMSC118,WIOT53
CAIM726,AMSC29
CAIM726,DCRT123
WIOT432,WIOT269
AMSC240,AMSC241
WIOT348,WIOT433
WIOT381,WIOT291
AMSC242,AMSC18
CAIM599,CAIM659
CAIM599,CAIM642
CAIM599,SEMI149
AMSC243,AMSC239
WIOT434,WIOT310
WIOT435,SEMI164
WIOT435,SECU52
CAIM57,CAIM498
CAIM57,CAIM727
CAIM57,CAIM56
CAIM57,CAIM86
CAIM57,CAIM623
WIOT368,AMSC118
WIOT368,WIOT436
AMSC244,AMSC177
AMSC245,AMSC246
AMSC245,AMSC247
WIOT437,WIOT294
WIOT437,WIOT380
WIOT437,SEMI178
AMSC248,AMSC249
AMSC248,AMSC205
WIOT438,WIOT304
WIOT439,WIOT277
AMSC249,AMSC202
AMSC249,AMSC83
WIOT383,WIOT440
AMSC250,AMSC188
AMSC150,AMSC163
AMSC150,SEMI63
AMSC150,SEMI142
WIOT177,AMSC44
WIOT177,WIOT397
WIOT177,NOCS212
SECU38,CAIM728
SECU38,CAIM729
CAIM730,SEMI160
WIOT425,WIOT302
AMSC183,AMSC170
CAIM332,CAIM659
CAIM332,CAIM651
CAIM332,SEMI149
CAIM332,CAIM623
CAIM332,CAIM662
WIOT353,AMSC208
WIOT353,WIOT397
WIOT353,WIOT324
AMSC251,AMSC175
WIOT223,WIOT221
SSCO41,SSCO41
WIOT433,WIOT319
WIOT433,WIOT210
WIOT247,WIOT256
WIOT299,WIOT441
WIOT442,WIOT201
AMSC252,WIOT261
AMSC253,AMSC199
SEMI183,SEMI184
SEMI183,CAIM731
CAIM732,NOCS24
CAIM732,CAIM733
CAIM732,CAIM525
CAIM620,CAIM449
CAIM620,CAIM734
CAIM620,CAIM735
AMSC93,AMSC254
WIOT443,WIOT233
WIOT443,WIOT234
AMSC255,AMSC84
WIOT444,AMSC99
CAIM677,CAIM66
CAIM677,CAIM431
CAIM677,CAIM736
CAIM677,CAIM291
CAIM677,CAIM252
CAIM677,NOCS151
CAIM677,CAIM189
CAIM677,CAIM255
WIOT226,WIOT165
AMSC155,AMSC192
AMSC256,AMSC257
WIOT145,WIOT253
AMSC233,AMSC232
AMSC258,AMSC191
AMSC258,SEMI152
SEMI185,WIOT441
SEMI185,AMSC206
CAIM586,CAIM575
WIOT265,WIOT127
AMSC259,AMSC153
AMSC259,AMSC223
AMSC260,WIOT258
AMSC169,AMSC261
AMSC169,AMSC166
AMSC169,AMSC89
AMSC169,AMSC91
CAIM567,NOCS288
CAIM567,NOCS289
CAIM567,CAIM598
CAIM567,CAIM737
CAIM567,CAIM738
CAIM567,NOCS290
CAIM567,CAIM739
CAIM567,NOCS291
CAIM567,NOCS273
CAIM567,NOCS71
CAIM567,NOCS292
WIOT271,WIOT319
CAIM733,SEMI18
CAIM733,CAIM525
AMSC201,AMSC86
NOCS73,NOCS293
NOCS73,AMSC118
NOCS73,WIOT445
AMSC110,SEMI186
SEMI161,WIOT246
AMSC262,WIOT248
WIOT289,WIOT446
CAIM525,SEMI18
CAIM525,NOCS24
CAIM525,CAIM740
CAIM642,CAIM644
CAIM642,SEMI149
WIOT249,WIOT447
WIOT249,WIOT227
WIOT407,WIOT317
CAIM84,CAIM669
WIOT189,WIOT337
NOCS285,NOCS294
NOCS285,CAIM741
NOCS285,NOCS73
SEMI187,CAIM641
SEMI187,CAIM659
SEMI187,CAIM711
SEMI187,CAIM332
SEMI187,SEMI149
SEMI187,AMSC209
CAIM742,CAIM711
AMSC263,AMSC81
AMSC171,AMSC170
AMSC171,AMSC94
AMSC264,AMSC265
SEMI188,SEMI51
SEMI188,SEMI62
SEMI188,SEMI52
SEMI188,SEMI63
SEMI188,WIOT336
SEMI188,WIOT90
SEMI188,WIOT448
SEMI188,SEMI189
CAIM743,NOCS150
CAIM743,SECU9
CAIM743,SEMI58
CAIM743,NOCS295
CAIM743,NOCS90
CAIM743,NOCS109
CAIM743,NOCS113
CAIM743,NOCS120
CAIM743,NOCS125
CAIM743,NOCS296
CAIM743,SECU58
CAIM743,NOCS114
CAIM743,NOCS154
CAIM743,NOCS177
CAIM743,NOCS297
CAIM743,DCRT91
CAIM743,NOCS211
CAIM743,NOCS158
CAIM743,NOCS219
CAIM743,NOCS100
CAIM743,NOCS178
CAIM743,DCRT28
CAIM743,NOCS298
CAIM743,NOCS111
CAIM743,CAIM744
CAIM743,NOCS299
CAIM743,CAIM745
CAIM743,CAIM737
CAIM743,CAIM738
CAIM743,CAIM265
CAIM743,CAIM746
CAIM743,NOCS300
CAIM743,DCRT126
CAIM743,DCRT127
CAIM743,NOCS232
CAIM743,NOCS159
CAIM743,NOCS91
CAIM743,NOCS274
CAIM743,NOCS121
CAIM743,NOCS301
CAIM743,CAIM747
CAIM743,CAIM748
CAIM743,WIOT449
CAIM743,NOCS302
CAIM743,CAIM208
CAIM743,CAIM749
CAIM743,CAIM750
CAIM743,NOCS303
CAIM743,NOCS304
CAIM743,NOCS115
CAIM743,SEMI190
CAIM743,CAIM751
CAIM743,NOCS208
CAIM743,NOCS92
CAIM743,NOCS305
CAIM743,CAIM752
CAIM743,CAIM654
CAIM743,NOCS112
CAIM743,CAIM753
CAIM743,SEMI191
CAIM743,NOCS290
CAIM743,NOCS126
CAIM743,DCRT128
CAIM743,CAIM754
CAIM743,WIOT450
CAIM743,CAIM755
CAIM743,CAIM756
CAIM743,CAIM174
CAIM743,DCRT129
CAIM743,NOCS45
CAIM743,NOCS212
CAIM743,NOCS127
CAIM743,NOCS273
CAIM743,NOCS117
CAIM743,NOCS136
CAIM743,NOCS194
CAIM743,NOCS160
CAIM743,NOCS292
CAIM743,CAIM662
CAIM743,NOCS306
CAIM743,NOCS307
CAIM743,CAIM757
CAIM743,CAIM209
CAIM743,CAIM175
CAIM743,NOCS308
SEMI69,SEMI192
SEMI69,AMSC178
CAIM611,CAIM520
CAIM611,CAIM612
CAIM611,CAIM613
CAIM611,CAIM615
CAIM611,CAIM758
CAIM611,CAIM616
CAIM759,CAIM455
CAIM759,CAIM6
CAIM759,CAIM760
CAIM759,CAIM409
CAIM759,CAIM471
CAIM759,CAIM456
CAIM759,CAIM761
CAIM759,CAIM8
CAIM759,CAIM472
CAIM759,CAIM762
CAIM759,CAIM763
CAIM759,CAIM183
AMSC122,WIOT451
AMSC122,AMSC121
CAIM764,CAIM613
CAIM764,CAIM615
CAIM764,CAIM758
CAIM764,CAIM617
NOCS237,MLAI2
NOCS237,CAIM24
NOCS237,WIOT115
NOCS237,MLAI68
NOCS237,NOCS47
NOCS237,CAIM530
CAIM612,CAIM613
CAIM612,CAIM615
CAIM612,CAIM758
CAIM612,CAIM617
CAIM612,CAIM635
CAIM568,CAIM32
CAIM568,CAIM116
CAIM568,CAIM210
CAIM568,CAIM230
CAIM568,CAIM260
CAIM568,CAIM252
CAIM568,CAIM43
CAIM568,CAIM600
CAIM568,CAIM67
CAIM568,CAIM765
AMSC266,CAIM48
AMSC266,CAIM766
CAIM767,CAIM768
CAIM767,CAIM319
CAIM767,AMSC267
CAIM767,CAIM769
CAIM767,NOCS300
CAIM767,CAIM770
CAIM767,WIOT450
CAIM767,DCRT114
CAIM767,CAIM739
CAIM767,NOCS275
CAIM767,CAIM771
CAIM767,NOCS136
CAIM767,CAIM173
CAIM769,CAIM399
CAIM769,CAIM106
CAIM769,CAIM772
CAIM769,CAIM301
CAIM769,CAIM454
CAIM769,CAIM468
CAIM769,NOCS232
CAIM769,CAIM86
CAIM769,CAIM108
CAIM769,CAIM373
CAIM769,CAIM773
CAIM569,CAIM774
CAIM569,WIOT79
CAIM569,CAIM625
CAIM569,AMSC44
CAIM569,CAIM676
CAIM569,CAIM54
CAIM569,SEMI139
CAIM569,WIOT452
CAIM569,WIOT177
CAIM569,CAIM769
CAIM569,CAIM678
CAIM569,NOCS232
CAIM569,CAIM524
CAIM569,DCRT46
CAIM569,CAIM140
CAIM737,NOCS72
CAIM737,CAIM741
CAIM737,NOCS295
CAIM737,CAIM309
CAIM737,NOCS205
CAIM737,NOCS158
CAIM737,CAIM252
CAIM737,CAIM446
CAIM737,NOCS289
CAIM737,CAIM453
CAIM737,NOCS293
CAIM737,CAIM310
CAIM737,CAIM775
CAIM737,CAIM265
CAIM737,NOCS232
CAIM737,CAIM750
CAIM737,NOCS290
CAIM737,CAIM174
CAIM737,NOCS45
CAIM737,NOCS209
CAIM737,CAIM104
CAIM737,CAIM776
CAIM546,CAIM29
CAIM546,CAIM777
CAIM546,CAIM329
CAIM546,CAIM179
CAIM546,CAIM778
CAIM546,CAIM428
CAIM546,CAIM258
CAIM546,CAIM779
CAIM546,CAIM253
CAIM546,CAIM332
CAIM546,CAIM58
CAIM546,CAIM86
CAIM546,CAIM524
CAIM546,CAIM601
CAIM546,SEMI193
CAIM546,CAIM156
CAIM546,CAIM152
CAIM546,CAIM405
CAIM780,CAIM667
CAIM780,CAIM678
CAIM780,CAIM255
CAIM780,CAIM172
CAIM780,CAIM668
CAIM780,CAIM173
CAIM780,CAIM622
CAIM780,CAIM674
CAIM780,DCRT71
CAIM780,CAIM105
CAIM205,CAIM32
CAIM205,CAIM406
CAIM205,CAIM430
CAIM205,CAIM601
CAIM205,CAIM169
CAIM738,NOCS90
CAIM738,NOCS288
CAIM738,NOCS120
CAIM738,NOCS296
CAIM738,NOCS114
CAIM738,DCRT91
CAIM738,NOCS158
CAIM738,CAIM355
CAIM738,NOCS298
CAIM738,NOCS111
CAIM738,CAIM265
CAIM738,NOCS159
CAIM738,NOCS91
CAIM738,NOCS274
CAIM738,NOCS121
CAIM738,NOCS301
CAIM738,NOCS302
CAIM738,CAIM208
CAIM738,NOCS303
CAIM738,NOCS208
CAIM738,NOCS92
CAIM738,CAIM752
CAIM738,NOCS112
CAIM738,NOCS290
CAIM738,NOCS126
CAIM738,CAIM756
CAIM738,DCRT129
CAIM738,NOCS45
CAIM738,NOCS127
CAIM738,NOCS194
CAIM738,NOCS306
CAIM781,CAIM473
MLAI69,WIOT453
MLAI69,MLAI62
MLAI69,MLAI70
SSCO20,SEMI75
SSCO20,SEMI60
SSCO20,SSCO15
CAIM547,CAIM167
CAIM547,CAIM170
CAIM782,CAIM482
CAIM783,CAIM7
CAIM783,SECU46
CAIM783,CAIM781
CAIM783,CAIM8
CAIM783,CAIM762
CAIM783,CAIM9
CAIM783,CAIM784
CAIM783,CAIM785
CAIM265,CAIM355
CAIM265,NOCS305
CAIM265,DCRT128
CAIM265,NOCS45
CAIM265,NOCS194
CAIM521,CAIM522
CAIM633,CAIM153
CAIM633,CAIM786
CAIM633,CAIM296
CAIM633,CAIM631
CAIM633,CAIM192
CAIM613,CAIM615
CAIM613,CAIM758
CAIM678,CAIM229
CAIM678,CAIM668
CAIM746,NOCS90
CAIM746,NOCS309
CAIM746,NOCS288
CAIM746,NOCS310
CAIM746,NOCS120
CAIM746,NOCS154
CAIM746,NOCS211
CAIM746,CAIM738
CAIM746,NOCS121
CAIM746,NOCS303
CAIM746,NOCS115
CAIM746,NOCS208
CAIM746,NOCS92
CAIM746,NOCS305
CAIM746,SEMI191
CAIM746,NOCS126
CAIM746,DCRT129
CAIM746,CAIM175
CAIM614,CAIM520
CAIM614,CAIM612
CAIM614,CAIM758
CAIM614,CAIM635
CAIM614,SEMI30
CAIM58,SEMI59
CAIM58,CAIM486
CAIM58,CAIM74
CAIM58,NOCS237
CAIM58,CAIM278
CAIM58,CAIM86
CAIM58,CAIM524
CAIM58,CAIM532
CAIM58,CAIM621
CAIM58,CAIM25
CAIM58,CAIM487
CAIM58,CAIM787
NOCS300,CAIM310
NOCS300,SEMI190
NOCS300,NOCS71
NOCS300,CAIM104
NOCS300,NOCS194
NOCS300,NOCS286
NOCS300,NOCS311
CAIM343,CAIM88
CAIM343,CAIM736
CAIM343,CAIM178
CAIM343,CAIM788
CAIM165,NOCS140
CAIM165,NOCS97
CAIM165,CAIM513
CAIM165,CAIM648
CAIM165,CAIM671
CAIM165,AMSC33
CAIM165,NOCS312
CAIM165,CAIM237
CAIM789,NOCS310
CAIM789,CAIM790
CAIM789,CAIM463
CAIM789,CAIM530
CAIM789,CAIM477
CAIM789,CAIM791
CAIM59,CAIM701
CAIM59,CAIM55
CAIM59,CAIM74
CAIM59,CAIM86
CAIM59,CAIM674
CAIM59,CAIM105
CAIM615,CAIM758
AMSC268,WIOT450
AMSC268,NOCS313
CAIM241,CAIM139
SSCO65,SSCO66
SSCO65,SEMI31
SSCO65,SSCO13
SSCO65,SSCO67
CAIM138,CAIM91
CAIM138,CAIM792
CAIM138,CAIM278
CAIM138,CAIM524
CAIM138,CAIM532
CAIM138,CAIM293
CAIM138,CAIM294
CAIM138,CAIM140
CAIM793,CAIM41
CAIM793,CAIM101
CAIM793,CAIM394
CAIM793,CAIM427
CAIM793,CAIM655
CAIM793,CAIM794
CAIM770,CAIM795
CAIM770,CAIM796
CAIM770,NOCS314
CAIM228,CAIM161
SEMI47,SEMI194
SEMI47,SEMI63
SEMI76,SEMI130
SEMI76,SEMI164
SEMI76,SSCO41
SEMI76,SEMI144
CAIM761,CAIM7
CAIM761,CAIM781
CAIM761,CAIM8
CAIM761,CAIM473
CAIM336,CAIM662
CAIM270,CAIM231
CAIM270,CAIM182
CAIM270,CAIM332
CAIM270,CAIM169
AMSC269,NOCS66
CAIM797,CAIM798
CAIM8,CAIM7
CAIM8,CAIM482
WIOT454,WIOT404
WIOT454,WIOT256
WIOT454,WIOT271
DCRT130,NOCS179
DCRT130,NOCS304
DCRT130,NOCS131
CAIM85,CAIM330
CAIM85,SEMI134
CAIM85,AMSC113
CAIM85,CAIM799
CAIM85,DCRT131
CAIM800,WIOT111
CAIM800,CAIM801
CAIM800,CAIM802
CAIM800,CAIM385
CAIM800,CAIM803
CAIM800,CAIM216
CAIM325,CAIM32
CAIM325,CAIM64
CAIM325,CAIM33
CAIM325,CAIM804
CAIM325,AMSC23
CAIM805,AMSC270
CAIM805,CAIM67
CAIM805,CAIM68
CAIM805,CAIM69
CAIM806,CAIM398
CAIM806,CAIM44
CAIM806,CAIM700
CAIM806,CAIM269
CAIM806,CAIM151
WIOT455,WIOT3
CAIM166,SECU21
CAIM166,SECU22
CAIM166,CAIM246
CAIM166,SECU13
CAIM166,CAIM682
CAIM166,CAIM323
CAIM166,SECU23
CAIM166,SECU24
AMSC95,AMSC147
CAIM313,CAIM98
CAIM139,SEMI195
CAIM278,CAIM532
CAIM189,CAIM622
CAIM189,CAIM294
CAIM807,CAIM808
CAIM809,AMSC271
CAIM809,CAIM808
CAIM810,SSCO17
CAIM810,AMSC272
CAIM811,SEMI196
CAIM811,CAIM107
CAIM811,SEMI96
SEMI60,SSCO68
CAIM212,SSCO11
CAIM212,CAIM232
CAIM212,CAIM494
CAIM212,CAIM812
CAIM212,CAIM182
CAIM212,CAIM754
CAIM212,CAIM723
CAIM212,NOCS98
CAIM212,CAIM104
DCRT132,NOCS315
DCRT132,NOCS316
DCRT132,NOCS237
CAIM813,CAIM814
CAIM813,CAIM815
CAIM813,CAIM816
CAIM813,CAIM662
CAIM643,CAIM817
CAIM818,CAIM182
CAIM818,CAIM460
CAIM818,CAIM143
SSCO30,SSCO40
SSCO30,SSCO69
SSCO30,SSCO70
MLAI71,MLAI72
DCRT126,NOCS180
DCRT126,NOCS179
DCRT126,NOCS211
DCRT126,NOCS121
DCRT126,NOCS301
DCRT126,NOCS208
DCRT126,NOCS117
DCRT126,NOCS308
DCRT127,CAIM231
DCRT127,NOCS310
DCRT127,NOCS120
DCRT127,NOCS297
DCRT127,NOCS299
DCRT127,NOCS159
DCRT127,NOCS304
DCRT127,NOCS115
DCRT127,DCRT129
DCRT127,NOCS212
NOCS232,CAIM819
NOCS232,CAIM310
NOCS91,NOCS150
NOCS91,NOCS317
NOCS274,NOCS296
NOCS274,CAIM300
NOCS274,NOCS121
NOCS274,CAIM750
NOCS274,NOCS92
NOCS274,DCRT129
NOCS121,CAIM752
NOCS301,NOCS151
NOCS301,CAIM255
CAIM748,SECU10
CAIM748,CAIM754
WIOT449,AMSC267
WIOT449,NOCS194
NOCS302,NOCS91
CAIM208,CAIM752
NOCS303,NOCS117
NOCS115,NOCS84
NOCS92,NOCS111
NOCS92,NOCS112
NOCS290,NOCS112
SSCO71,SSCO72
SSCO71,SSCO73
SSCO71,SSCO74
SSCO71,SSCO75
SSCO71,SSCO76
SSCO71,SSCO77
SSCO71,SSCO78
SSCO71,SSCO79
SSCO71,SSCO80
SSCO71,SSCO81
SSCO71,SSCO82
SSCO71,SSCO83
SSCO71,SSCO84
SSCO71,SSCO85
SSCO71,WIOT456
SSCO71,WIOT457
SSCO71,WIOT458
SSCO86,SSCO87
SSCO86,SSCO88
SSCO86,SSCO89
SSCO86,WIOT459
SSCO86,SSCO90
SSCO91,SSCO92
SSCO91,SSCO93
SSCO94,WIOT460
SSCO94,SSCO95
SSCO94,SSCO96
SSCO94,SSCO76
SSCO94,SSCO97
SSCO98,WIOT461
SSCO98,WIOT66
SSCO98,WIOT462
SSCO99,SSCO82
SSCO99,SSCO100
SSCO79,SSCO81
SSCO79,SSCO74
WIOT463,WIOT464
WIOT463,WIOT465
SSCO101,SSCO102
SSCO101,SSCO103
SSCO80,WIOT456
SSCO80,SSCO104
SSCO80,SSCO105
SSCO106,SSCO107
SSCO108,SSCO109
SSCO108,SSCO110
SSCO111,SSCO82
SSCO111,SSCO112
SSCO111,SSCO113
SSCO114,SSCO86
SSCO115,WIOT446
SSCO115,WIOT466
SSCO115,SSCO116
SSCO115,SSCO117
SSCO115,WIOT467
SSCO115,SECU59
SSCO72,WIOT468
SSCO118,SSCO119
SSCO118,SSCO120
SSCO118,SEMI197
SSCO81,WIOT458
SSCO81,SSCO73
SSCO81,SSCO121
SSCO81,SSCO74
SSCO81,SSCO75
SSCO81,SSCO104
SSCO122,SSCO123
SSCO73,SSCO124
SSCO92,SSCO125
SSCO126,SSCO73
SSCO127,SSCO128
SSCO129,SSCO130
SSCO129,SSCO89
SSCO116,WIOT466
SSCO116,SSCO131
SSCO132,SSCO133
SSCO95,SSCO97
SSCO87,SSCO90
SSCO87,SSCO134
SSCO135,WIOT459
SSCO135,SSCO88
SSCO136,SSCO137
SSCO136,SSCO138
SSCO139,SSCO77
SSCO130,WIOT469
SSCO130,SSCO140
SSCO141,SSCO127
SSCO142,SSCO143
SSCO142,SSCO144
SSCO119,SSCO132
SSCO119,SSCO145
SSCO119,SSCO146
SSCO83,SSCO121
SSCO83,SSCO74
SSCO75,SSCO105
SSCO147,WIOT464
SSCO147,SSCO148
SSCO149,SSCO124
SSCO84,SSCO120
SSCO84,SSCO150
SSCO84,SSCO104
SSCO113,SSCO151
SSCO152,SSCO153
SSCO152,SSCO154
SSCO85,SSCO75
SSCO85,SSCO77
SSCO155,SSCO119
SSCO156,SSCO157
SSCO156,SSCO45
SSCO156,SSCO158
SSCO159,SSCO78
SSCO117,WIOT464
SSCO109,SSCO80
SSCO96,SSCO160
SSCO96,SSCO161
SSCO143,SSCO162
SSCO163,SSCO164
SSCO163,SSCO165
SSCO166,SSCO102
SSCO166,SSCO157
SSCO166,SSCO146
SSCO161,SSCO160
SSCO167,SSCO159
SSCO167,SSCO150
WIOT470,WIOT464
SSCO168,SSCO169
SSCO120,SSCO104
SSCO170,SSCO84
SSCO170,SSCO120
SSCO150,SSCO121
SSCO171,SSCO56
SSCO171,SSCO172
SSCO173,SSCO125
SSCO174,SSCO166
SSCO175,SSCO157
SSCO176,SSCO48
SSCO157,SSCO145
SSCO78,SSCO124
SSCO177,SSCO135
SSCO177,SSCO83
SSCO178,SSCO156
SSCO179,SSCO135
SSCO180,SSCO129
SSCO180,SSCO88
SSCO148,WIOT463
SSCO181,WIOT471
SSCO182,SSCO159
SSCO183,SSCO81
SSCO183,SSCO121
SSCO183,SSCO100
SSCO183,SSCO105
SSCO105,SSCO49
SSCO172,SSCO119
SSCO110,SSCO121
SEMI198,SEMI174
SSCO131,SSCO184
SSCO185,WIOT472
SEMI199,SEMI197
AMSC186,WIOT346
CAIM86,CAIM701
CAIM86,CAIM163
CAIM86,AMSC30
CAIM86,CAIM820
CAIM86,CAIM621
CAIM86,WIOT3
CAIM86,CAIM105
SEMI74,SEMI59
SEMI74,SEMI154
SEMI74,SSCO186
SEMI74,SEMI55
SEMI74,SSCO187
SEMI74,SSCO188
SEMI74,MLAI73
WIOT136,WIOT173
WIOT136,WIOT190
WIOT136,WIOT213
WIOT136,WIOT191
WIOT136,WIOT344
WIOT136,WIOT435
WIOT136,WIOT265
WIOT136,SSCO187
WIOT136,WIOT192
WIOT136,WIOT473
CAIM616,CAIM526
CAIM616,CAIM782
CAIM616,CAIM821
WIOT202,WIOT319
WIOT202,WIOT236
WIOT202,AMSC17
CAIM822,CAIM455
CAIM822,CAIM363
CAIM822,CAIM763
CAIM822,CAIM785
CAIM822,CAIM473
AMSC265,WIOT127
AMSC265,WIOT365
WIOT266,CAIM706
WIOT266,WIOT190
WIOT266,CAIM628
WIOT266,WIOT435
WIOT266,SEMI157
WIOT266,WIOT214
WIOT266,SSCO43
WIOT266,WIOT195
WIOT266,WIOT131
AMSC273,AMSC153
AMSC273,AMSC223
SEMI55,SEMI200
SEMI55,SEMI201
SEMI55,SEMI202
SEMI55,SSCO187
SEMI55,SEMI144
SEMI55,WIOT474
SEMI142,AMSC235
SEMI142,WIOT260
SEMI142,WIOT289
SEMI142,WIOT214
SEMI142,WIOT194
AMSC274,AMSC275
AMSC274,AMSC115
AMSC274,CAIM607
AMSC274,AMSC156
AMSC276,SEMI167
AMSC276,WIOT260
AMSC276,SSCO186
SEMI203,SEMI55
WIOT183,WIOT273
WIOT183,WIOT274
WIOT183,WIOT275
AMSC102,AMSC105
WIOT475,WIOT364
WIOT475,WIOT134
WIOT475,WIOT244
AMSC137,SEMI204
AMSC137,AMSC115
WIOT476,WIOT191
WIOT476,WIOT136
WIOT476,WIOT266
WIOT476,SSCO187
CAIM673,CAIM823
CAIM673,CAIM31
CAIM673,AMSC30
CAIM673,CAIM86
CAIM673,AMSC83
CAIM673,CAIM674
CAIM673,CAIM105
WIOT297,WIOT234
WIOT297,WIOT219
WIOT297,NOCS318
AMSC103,AMSC104
AMSC103,AMSC105
AMSC277,AMSC130
AMSC277,AMSC81
AMSC277,WIOT227
AMSC277,AMSC278
AMSC104,AMSC191
CAIM591,SEMI137
SSCO189,SSCO131
AMSC279,AMSC18
AMSC279,AMSC242
WIOT203,WIOT201
WIOT203,WIOT259
WIOT203,WIOT277
WIOT351,WIOT373
WIOT351,WIOT271
WIOT351,WIOT202
CAIM824,CAIM455
CAIM824,CAIM822
CAIM644,CAIM650
AMSC222,AMSC82
AMSC222,AMSC241
AMSC222,AMSC83
CAIM825,CAIM710
CAIM826,CAIM420
CAIM826,AMSC64
CAIM826,CAIM421
CAIM826,CAIM241
CAIM826,CAIM336
WIOT214,WIOT477
AMSC196,AMSC280
CAIM92,CAIM709
CAIM92,CAIM31
CAIM92,CAIM278
CAIM92,CAIM524
CAIM92,CAIM532
CAIM92,CAIM621
WIOT227,SEMI120
WIOT227,WIOT447
WIOT192,WIOT278
SSCO43,SEMI167
AMSC17,AMSC18
WIOT193,WIOT194
WIOT193,WIOT196
AMSC126,SECU54
CAIM723,CAIM650
CAIM723,CAIM651
CAIM723,CAIM645
CAIM651,CAIM650
AMSC189,AMSC139
AMSC189,AMSC141
AMSC189,AMSC121
WIOT267,WIOT278
SSCO190,SSCO191
SSCO190,WIOT227
SEMI205,SEMI186
AMSC281,AMSC202
AMSC281,AMSC204
AMSC281,AMSC83
SEMI57,SEMI206
SEMI57,SEMI207
SEMI57,SEMI208
SEMI57,SEMI166
SEMI57,SEMI169
SEMI57,SEMI145
SEMI57,SEMI195
AMSC105,AMSC191
AMSC105,SEMI140
AMSC105,SEMI132
WIOT194,WIOT270
WIOT194,WIOT192
WIOT194,WIOT196
WIOT478,WIOT259
WIOT478,WIOT381
SEMI209,SEMI57
SEMI209,SEMI166
CAIM827,CAIM828
CAIM827,CAIM808
CAIM827,CAIM250
SEMI140,AMSC282
AMSC241,AMSC82
WIOT195,WIOT270
WIOT195,WIOT196
WIOT91,SEMI48
WIOT91,AMSC131
WIOT91,AMSC132
AMSC184,AMSC182
SEMI166,SEMI208
SEMI166,SEMI195
SEMI166,SEMI210
SEMI166,MLAI54
CAIM472,CAIM782
CAIM524,CAIM531
CAIM524,CAIM278
CAIM524,CAIM532
CAIM618,WIOT146
CAIM618,WIOT187
AMSC106,AMSC102
AMSC106,AMSC105
AMSC106,AMSC107
SECU54,SECU39
CAIM828,CAIM807
CAIM828,CAIM820
WIOT479,WIOT166
WIOT479,WIOT167
WIOT366,WIOT480
WIOT366,WIOT262
CAIM762,CAIM829
CAIM762,CAIM473
WIOT481,WIOT482
AMSC283,WIOT255
AMSC283,AMSC284
WIOT211,WIOT208
WIOT134,WIOT364
CAIM522,CAIM472
SEMI144,SEMI164
SEMI144,SEMI152
SEMI144,SSCO41
AMSC257,AMSC247
CAIM617,CAIM615
CAIM617,CAIM758
AMSC285,AMSC286
AMSC287,AMSC83
SEMI211,SEMI28
SEMI211,SEMI57
SEMI211,SEMI209
SEMI211,SEMI6
SEMI212,SEMI213
SEMI212,SEMI214
CAIM621,CAIM532
WIOT212,WIOT483
WIOT212,WIOT211
SEMI127,SEMI215
AMSC288,AMSC70
SEMI132,AMSC101
SEMI132,AMSC104
WIOT334,AMSC72
AMSC289,AMSC192
AMSC83,AMSC82
AMSC290,AMSC80
WIOT178,WIOT3
AMSC291,AMSC81
WIOT224,WIOT216
WIOT484,WIOT465
AMSC292,AMSC234
AMSC292,AMSC250
AMSC293,MLAI74
AMSC293,AMSC294
AMSC293,CAIM830
AMSC293,SEMI216
AMSC293,MLAI75
AMSC293,SEMI217
AMSC293,MLAI62
CAIM445,SEMI182
CAIM445,CAIM831
CAIM445,SSCO5
CAIM445,CAIM832
CAIM445,CAIM833
CAIM445,MLAI76
CAIM445,SEMI218
CAIM108,CAIM455
CAIM108,CAIM408
CAIM108,CAIM760
CAIM108,CAIM18
CAIM108,CAIM129
CAIM108,CAIM7
CAIM108,CAIM834
CAIM108,CAIM107
CAIM108,CAIM790
CAIM108,CAIM454
CAIM108,CAIM360
CAIM108,CAIM362
CAIM108,SEMI219
CAIM108,CAIM781
CAIM108,CAIM8
CAIM108,CAIM472
CAIM108,CAIM762
CAIM108,CAIM763
CAIM108,CAIM835
CAIM108,CAIM364
CAIM108,CAIM836
CAIM108,CAIM473
CAIM108,CAIM837
NOCS319,NOCS320
NOCS319,NOCS204
NOCS319,NOCS321
NOCS319,NOCS212
NOCS319,SSCO6
AMSC295,AMSC296
AMSC295,CAIM250
AMSC295,AMSC297
MLAI77,MLAI78
MLAI77,MLAI79
MLAI77,MLAI80
CAIM838,CAIM839
CAIM840,CAIM483
CAIM840,CAIM841
CAIM840,CAIM802
CAIM840,CAIM392
CAIM840,CAIM385
CAIM840,CAIM842
CAIM840,CAIM843
CAIM840,CAIM414
CAIM840,CAIM844
SSCO192,CAIM93
SSCO192,CAIM845
SSCO192,CAIM846
SSCO192,SSCO193
SSCO192,SEMI116
SSCO192,SEMI220
SSCO192,SSCO194
SSCO192,CAIM847
SSCO192,SSCO195
SSCO192,SSCO196
DCRT113,DCRT106
DCRT113,DCRT83
DCRT113,DCRT46
DCRT113,NOCS314
CAIM680,CAIM848
CAIM680,CAIM664
CAIM680,CAIM204
CAIM680,CAIM700
CAIM680,CAIM146
CAIM680,DCRT49
CAIM680,CAIM430
CAIM680,CAIM620
CAIM680,CAIM205
CAIM680,CAIM343
CAIM680,CAIM270
CAIM680,CAIM800
CAIM680,CAIM806
CAIM680,CAIM150
CAIM680,CAIM602
CAIM174,NOCS76
CAIM174,NOCS194
DCRT114,NOCS216
DCRT114,DCRT34
DCRT114,DCRT35
DCRT114,DCRT38
DCRT114,DCRT106
DCRT114,SEMI60
DCRT114,DCRT69
DCRT114,DCRT46
DCRT114,NOCS61
DCRT114,CAIM286
DCRT114,NOCS272
DCRT114,DCRT78
DCRT114,DCRT111
NOCS204,NOCS322
CAIM849,CAIM850
CAIM849,CAIM851
CAIM849,CAIM392
CAIM849,CAIM385
CAIM849,CAIM842
CAIM849,CAIM852
NOCS321,NOCS323
NOCS321,NOCS286
DCRT63,MLAI81
CAIM600,CAIM64
CAIM600,CAIM663
CAIM600,AMSC22
CAIM600,CAIM261
CAIM600,CAIM33
CAIM600,CAIM804
CAIM600,AMSC23
CAIM600,CAIM200
CAIM853,CAIM854
CAIM853,CAIM345
CAIM853,CAIM221
CAIM853,CAIM421
CAIM853,CAIM855
CAIM853,CAIM739
CAIM853,CAIM856
CAIM853,CAIM571
CAIM853,NOCS324
SEMI20,WIOT485
SEMI20,SSCO197
CAIM857,CAIM353
CAIM857,CAIM354
CAIM857,CAIM355
CAIM857,CAIM357
DCRT57,SEMI77
DCRT57,NOCS171
DCRT57,NOCS172
DCRT133,CAIM35
DCRT133,NOCS205
DCRT133,DCRT105
SEMI221,SEMI222
SEMI221,SEMI65
CAIM858,CAIM354
SECU60,SECU61
CAIM859,CAIM383
CAIM859,CAIM412
CAIM859,CAIM385
CAIM859,CAIM844
DCRT134,NOCS60
DCRT134,CAIM285
SSCO10,NOCS34
SSCO10,DCRT61
SSCO10,SSCO35
DCRT61,DCRT11
DCRT61,CAIM846
DCRT61,NOCS252
DCRT61,CAIM507
DCRT61,MLAI81
CAIM150,CAIM860
CAIM150,WIOT63
CAIM150,CAIM753
CAIM150,SEMI149
CAIM861,CAIM70
CAIM861,CAIM130
CAIM861,AMSC298
CAIM861,CAIM409
CAIM861,CAIM468
CAIM861,CAIM474
CAIM861,CAIM484
CAIM861,CAIM86
CAIM861,CAIM509
CAIM384,CAIM383
CAIM384,CAIM385
CAIM384,CAIM842
AMSC96,AMSC71
AMSC96,AMSC72
CAIM862,CAIM62
CAIM862,CAIM297
CAIM862,CAIM298
CAIM862,CAIM421
CAIM862,CAIM299
CAIM862,CAIM386
CAIM855,CAIM62
CAIM855,CAIM297
CAIM855,CAIM298
CAIM855,CAIM421
CAIM855,CAIM299
CAIM715,SECU49
SEMI223,SEMI186
DCRT135,DCRT136
DCRT135,DCRT40
AMSC299,AMSC280
DCRT129,NOCS309
DCRT129,NOCS120
DCRT129,CAIM355
DCRT129,NOCS111
DCRT129,NOCS159
DCRT129,NOCS303
DCRT129,NOCS304
DCRT129,NOCS92
DCRT129,CAIM752
DCRT129,NOCS112
DCRT129,CAIM756
DCRT129,CAIM174
DCRT129,NOCS212
DCRT129,NOCS194
SSCO198,CAIM795
SSCO198,NOCS325
SSCO198,SEMI191
SSCO198,DCRT114
SSCO198,CAIM863
CAIM207,CAIM864
NOCS45,SEMI190
NOCS45,NOCS305
DCRT53,NOCS61
CAIM865,CAIM231
CAIM865,CAIM866
CAIM865,AMSC96
SEMI224,SEMI213
CAIM739,CAIM768
CAIM739,CAIM173
SEMI225,SEMI106
SEMI225,SEMI226
WIOT486,SEMI227
AMSC270,AMSC298
AMSC270,AMSC300
CAIM867,CAIM32
CAIM867,CAIM159
CAIM867,CAIM375
CAIM867,CAIM189
CAIM867,CAIM551
CAIM867,CAIM169
DCRT69,SECU62
NOCS313,NOCS326
NOCS327,NOCS328
SSCO199,SSCO40
CAIM67,CAIM868
CAIM67,CAIM398
CAIM67,CAIM517
CAIM869,CAIM423
CAIM869,NOCS285
CAIM869,CAIM866
SEMI21,SEMI59
SEMI21,WIOT485
SEMI21,SEMI228
CAIM385,CAIM842
CAIM870,CAIM843
CAIM871,CAIM385
CAIM871,CAIM842
CAIM871,CAIM872
DCRT137,DCRT138
CAIM873,CAIM383
CAIM873,CAIM385
CAIM873,CAIM842
CAIM873,CAIM803
CAIM856,CAIM854
CAIM856,CAIM432
CAIM856,NOCS324
NOCS275,NOCS162
NOCS275,NOCS301
NOCS275,CAIM173
NOCS275,NOCS308
CAIM874,SECU63
CAIM279,NOCS227
CAIM279,NOCS329
CAIM279,CAIM662
NOCS330,NOCS269
DCRT46,NOCS276
CAIM151,CAIM401
CAIM852,CAIM803
CAIM875,CAIM220
CAIM875,CAIM345
CAIM875,SECU18
CAIM875,CAIM856
CAIM794,CAIM773
NOCS262,NOCS313
NOCS291,NOCS205
NOCS291,NOCS70
NOCS291,DCRT73
NOCS291,CAIM753
NOCS291,NOCS71
CAIM876,CAIM62
CAIM876,CAIM298
CAIM876,CAIM299
CAIM876,CAIM662
AMSC301,AMSC302
CAIM571,CAIM877
CAIM113,CAIM77
NOCS212,AMSC267
NOCS212,NOCS159
NOCS212,NOCS194
AMSC42,AMSC303
CAIM878,DCRT139
CAIM878,DCRT24
CAIM878,CAIM879
SEMI229,SEMI230
SEMI229,SEMI28
SEMI229,SEMI209
SEMI229,SEMI173
DCRT44,DCRT78
CAIM131,NOCS326
NOCS209,NOCS331
SSCO64,SSCO197
SSCO64,SEMI231
SSCO64,SEMI232
DCRT88,DCRT101
DCRT88,DCRT5
WIOT58,SSCO200
WIOT58,MLAI82
WIOT58,SSCO188
DCRT140,DCRT16
DCRT70,NOCS61
DCRT70,DCRT78
MLAI66,CAIM504
MLAI66,MLAI67
MLAI66,SECU6
WIOT487,WIOT488
CAIM34,CAIM40
MLAI31,MLAI29
SSCO201,SSCO69
DCRT107,DCRT29
WIOT489,WIOT61
CAIM373,CAIM4
CAIM373,CAIM761
DCRT115,DCRT36
CAIM880,CAIM246
CAIM771,CAIM796
CAIM771,NOCS332
CAIM771,SSCO202
CAIM286,CAIM881
CAIM286,CAIM247
NOCS127,NOCS92
NOCS127,CAIM175
NOCS272,NOCS333
NOCS272,CAIM286
NOCS272,CAIM247
NOCS272,NOCS117
CAIM882,NOCS237
SSCO15,SEMI31
SSCO15,SSCO35
DCRT62,DCRT110
CAIM36,CAIM883
AMSC23,AMSC33
CAIM872,CAIM803
CAIM119,CAIM77
CAIM299,CAIM884
CAIM299,CAIM421
CAIM299,CAIM386
CAIM172,CAIM885
NOCS71,NOCS230
CAIM303,CAIM304
CAIM25,CAIM24
NOCS25,CAIM429
AMSC304,AMSC305
CAIM549,CAIM886
WIOT490,WIOT491
WIOT473,WIOT492
WIOT473,WIOT493
WIOT473,WIOT494
NOCS245,MLAI7
SECU64,WIOT495
WIOT386,SEMI73
SECU65,MLAI73
SECU65,SECU66
MLAI83,NOCS334
WIOT496,WIOT23
SECU67,WIOT34
SECU68,SECU69
MLAI84,MLAI85
MLAI84,MLAI14
MLAI84,MLAI86
MLAI84,MLAI87
MLAI84,MLAI88
MLAI84,MLAI89
MLAI84,MLAI90
MLAI84,MLAI91
MLAI84,MLAI92
MLAI84,MLAI93
MLAI84,MLAI94
MLAI84,MLAI95
MLAI84,MLAI96
MLAI84,MLAI97
MLAI84,MLAI98
MLAI84,MLAI99
MLAI84,MLAI100
MLAI84,MLAI101
MLAI84,MLAI102
MLAI84,MLAI103
MLAI84,MLAI104
MLAI84,MLAI105
MLAI84,MLAI106
MLAI107,MLAI108
MLAI109,MLAI110
MLAI111,MLAI112
MLAI111,MLAI113
MLAI111,MLAI114
MLAI111,MLAI115
MLAI116,MLAI117
MLAI118,MLAI61
MLAI118,MLAI119
MLAI120,MLAI94
MLAI121,MLAI95
MLAI121,MLAI80
MLAI122,MLAI104
MLAI123,MLAI123
MLAI124,MLAI124
MLAI125,MLAI121
MLAI125,MLAI126
MLAI125,MLAI127
MLAI125,MLAI128
MLAI125,MLAI129
MLAI125,MLAI130
MLAI125,MLAI38
MLAI125,MLAI131
MLAI125,MLAI132
MLAI125,MLAI133
MLAI125,MLAI134
MLAI125,MLAI135
MLAI125,MLAI136
MLAI125,MLAI90
MLAI125,MLAI137
MLAI125,MLAI138
MLAI125,MLAI139
MLAI125,MLAI140
MLAI125,MLAI141
MLAI125,MLAI142
MLAI125,MLAI143
MLAI125,MLAI144
MLAI125,MLAI145
MLAI125,MLAI146
MLAI125,MLAI147
MLAI125,MLAI39
MLAI125,MLAI148
MLAI125,MLAI149
MLAI125,MLAI150
MLAI125,MLAI151
MLAI125,MLAI152
MLAI125,MLAI153
MLAI125,MLAI154
MLAI125,MLAI155
MLAI125,MLAI156
MLAI125,MLAI157
MLAI125,MLAI158
MLAI125,MLAI159
MLAI127,MLAI133
MLAI127,MLAI89
MLAI127,MLAI135
MLAI127,MLAI136
MLAI127,MLAI137
MLAI127,MLAI140
MLAI127,MLAI151
MLAI127,MLAI152
MLAI128,MLAI38
MLAI128,MLAI135
MLAI128,MLAI137
MLAI128,MLAI142
MLAI160,MLAI132
MLAI160,MLAI135
MLAI160,MLAI137
MLAI160,MLAI142
MLAI160,MLAI146
MLAI129,MLAI137
MLAI129,MLAI141
MLAI161,MLAI135
MLAI161,MLAI136
MLAI161,MLAI141
MLAI88,MLAI108
MLAI88,MLAI143
MLAI132,MLAI137
MLAI133,MLAI137
MLAI113,MLAI162
MLAI163,MLAI135
MLAI164,MLAI135
MLAI134,MLAI146
SSCO24,SSCO203
SSCO24,SSCO37
SSCO24,NOCS209
SSCO24,SSCO6
SSCO24,NOCS335
SSCO24,NOCS268
SSCO24,NOCS318
SSCO24,SSCO19
CAIM766,SECU70
CAIM766,SECU71
CAIM766,SSCO204
CAIM766,SEMI233
CAIM766,AMSC306
CAIM766,SSCO64
CAIM766,CAIM887
CAIM766,SEMI232
CAIM766,CAIM689
WIOT497,WIOT498
WIOT497,WIOT113
WIOT497,WIOT499
WIOT497,WIOT500
WIOT497,WIOT453
WIOT497,WIOT501
WIOT497,MLAI62
WIOT497,WIOT502
WIOT497,MLAI51
DCRT141,CAIM207
DCRT141,DCRT110
DCRT141,DCRT80
DCRT141,DCRT138
DCRT141,DCRT78
DCRT141,DCRT111
CAIM888,CAIM821
WIOT336,SSCO36
WIOT336,CAIM331
WIOT336,SEMI157
WIOT336,WIOT253
WIOT336,AMSC82
WIOT336,AMSC83
NOCS335,NOCS261
NOCS335,NOCS327
NOCS335,NOCS262
NOCS335,NOCS268
NOCS335,NOCS22
CAIM9,CAIM8
CAIM9,CAIM482
CAIM9,CAIM762
CAIM9,CAIM785
NOCS286,NOCS265
NOCS286,NOCS261
NOCS286,NOCS262
NOCS286,NOCS209
NOCS286,NOCS335
NOCS286,NOCS268
CAIM889,CAIM383
CAIM889,CAIM483
CAIM889,CAIM890
CAIM889,CAIM802
CAIM889,CAIM800
CAIM889,CAIM840
CAIM889,CAIM385
CAIM889,CAIM873
CAIM889,CAIM843
CAIM889,CAIM216
CAIM889,CAIM844
CAIM891,CAIM482
CAIM891,CAIM892
CAIM891,CAIM829
CAIM891,CAIM893
CAIM894,CAIM809
CAIM894,CAIM661
CAIM894,CAIM895
CAIM894,CAIM896
CAIM784,CAIM7
CAIM784,CAIM8
CAIM784,CAIM482
CAIM784,CAIM762
CAIM784,CAIM9
CAIM784,CAIM785
CAIM897,CAIM898
CAIM897,CAIM759
CAIM897,CAIM131
CAIM897,CAIM373
CAIM897,CAIM477
CAIM897,CAIM364
DCRT142,DCRT36
DCRT142,DCRT143
DCRT142,NOCS171
DCRT142,WIOT503
DCRT142,CAIM899
MLAI75,MLAI68
MLAI75,NOCS270
CAIM895,CAIM900
CAIM895,CAIM828
CAIM901,CAIM410
CAIM901,NOCS336
CAIM901,CAIM791
SEMI128,CAIM902
CAIM903,CAIM904
CAIM903,SSCO205
DCRT138,NOCS337
DCRT138,MLAI48
DCRT78,DCRT84
CAIM899,WIOT503
NOCS338,NOCS11
CAIM275,NOCS156
CAIM275,NOCS339
CAIM275,WIOT117
CAIM275,NOCS280
CAIM905,NOCS99
CAIM905,DCRT72
DCRT144,NOCS173
MLAI48,MLAI34
MLAI48,MLAI31
CAIM192,CAIM635
DCRT71,DCRT78
DCRT71,DCRT111
CAIM350,CAIM537
CAIM350,CAIM246
CAIM350,CAIM906
CAIM350,CAIM648
CAIM350,CAIM671
CAIM350,CAIM74
CAIM350,CAIM646
CAIM350,SSCO64
CAIM350,CAIM766
CAIM350,SEMI234
CAIM350,CAIM442
CAIM350,SEMI232
CAIM350,CAIM140
CAIM240,NOCS30
CAIM240,NOCS340
NOCS282,NOCS14
MLAI165,MLAI52
DCRT145,NOCS172
SEMI72,MLAI76
CAIM907,AMSC59
CAIM907,CAIM908
CAIM907,CAIM909
NOCS268,NOCS318
CAIM910,CAIM388
CAIM910,CAIM13
CAIM911,CAIM659
CAIM911,SEMI235
CAIM105,CAIM674
NOCS341,SEMI104
NOCS341,NOCS266
NOCS341,NOCS115
CAIM364,CAIM497
CAIM364,MLAI12
CAIM364,CAIM2
CAIM364,MLAI19
CAIM364,CAIM7
CAIM364,CAIM834
CAIM364,CAIM1
CAIM364,CAIM782
CAIM364,CAIM761
CAIM364,CAIM8
CAIM364,CAIM482
CAIM364,CAIM762
CAIM364,CAIM9
CAIM364,CAIM829
CAIM364,CAIM458
CAIM364,CAIM183
CAIM364,CAIM5
CAIM364,CAIM912
SEMI236,SEMI226
CAIM913,CAIM344
CAIM836,CAIM914
CAIM836,CAIM129
CAIM836,CAIM410
CAIM836,MLAI42
SEMI237,SEMI168
SEMI237,SEMI115
AMSC307,SEMI82
NOCS342,NOCS313
SSCO206,SSCO35
CAIM68,CAIM69
SEMI238,SEMI226
SEMI239,SEMI238
SEMI240,SEMI241
SEMI242,NOCS41
SEMI242,SEMI85
SEMI242,SEMI86
SECU62,SECU72
NOCS329,SECU22
CAIM623,CAIM24
CAIM623,CAIM25
SSCO188,MLAI60
SSCO188,MLAI82
SECU73,SECU73
CAIM419,SEMI90
CAIM214,CAIM24
CAIM214,CAIM25
CAIM214,AMSC15
SSCO196,SSCO195
SECU24,SECU22
SECU24,AMSC51
SECU24,SECU13
CAIM915,NOCS343
CAIM915,MLAI79
CAIM915,CAIM833
CAIM915,MLAI112
CAIM915,NOCS344
DCRT146,DCRT147
DCRT146,DCRT8
DCRT146,DCRT87
DCRT146,DCRT28
DCRT146,DCRT148
DCRT146,DCRT149
DCRT146,DCRT150
DCRT146,DCRT94
DCRT146,DCRT88
DCRT146,DCRT101
DCRT146,DCRT27
DCRT146,DCRT107
DCRT146,DCRT29
DCRT146,DCRT24
DCRT146,CAIM120
DCRT146,DCRT151
DCRT146,SEMI115
DCRT146,DCRT89
DCRT146,DCRT152
DCRT146,CAIM916
SSCO207,SSCO208
SSCO207,SSCO203
SSCO207,NOCS206
SSCO207,SSCO39
SSCO207,NOCS209
SSCO207,SSCO6
SSCO207,NOCS335
SSCO207,CAIM396
SSCO207,SSCO209
MLAI166,MLAI167
MLAI166,MLAI18
MLAI166,MLAI19
MLAI166,MLAI47
MLAI166,MLAI112
MLAI166,SSCO210
MLAI166,MLAI111
MLAI166,MLAI168
MLAI112,CAIM917
CAIM918,CAIM380
CAIM918,NOCS40
CAIM918,MLAI63
CAIM918,CAIM459
CAIM918,CAIM916
CAIM918,CAIM919
CAIM920,SEMI23
CAIM920,CAIM921
CAIM920,NOCS345
CAIM922,NOCS240
CAIM922,NOCS346
DCRT153,DCRT98
DCRT153,DCRT24
DCRT153,CAIM879
DCRT153,DCRT146
CAIM923,CAIM73
CAIM923,CAIM924
CAIM923,CAIM925
CAIM923,CAIM441
CAIM923,CAIM75
CAIM923,CAIM71
CAIM923,CAIM926
CAIM923,CAIM13
CAIM927,CAIM22
CAIM927,CAIM925
CAIM927,NOCS25
CAIM927,NOCS76
CAIM927,MLAI75
CAIM927,CAIM926
CAIM927,CAIM14
DCRT154,DCRT87
DCRT154,DCRT146
NOCS347,NOCS38
CAIM928,NOCS206
CAIM928,SSCO30
CAIM928,NOCS209
CAIM928,CAIM396
MLAI76,MLAI19
MLAI76,SEMI22
MLAI76,MLAI10
MLAI76,MLAI52
MLAI76,MLAI75
CAIM929,SEMI184
CAIM929,DCRT29
CAIM929,DCRT155
CAIM929,CAIM731
DCRT156,CAIM244
DCRT156,DCRT152
CAIM930,NOCS214
CAIM930,NOCS346
SSCO211,NOCS209
SSCO211,SSCO209
CAIM931,CAIM932
CAIM931,NOCS16
NOCS345,NOCS348
NOCS349,NOCS350
SEMI243,SEMI244
CAIM51,CAIM933
CAIM51,DCRT15
CAIM51,CAIM12
NOCS86,NOCS351
NOCS86,NOCS346
DCRT17,DCRT2
DCRT157,CAIM486
DCRT157,NOCS38
NOCS352,NOCS289
NOCS352,NOCS112
SEMI245,DCRT29
DCRT158,NOCS345
NOCS344,NOCS344
NOCS353,NOCS75
NOCS353,SSCO12
NOCS353,CAIM122
NOCS353,AMSC303
NOCS353,CAIM123
NOCS353,NOCS354
NOCS353,NOCS259
NOCS353,NOCS329
NOCS353,CAIM487
NOCS353,CAIM97
NOCS353,NOCS16
NOCS353,NOCS355
NOCS353,SSCO22
NOCS353,NOCS356
NOCS353,CAIM77
CAIM916,DCRT159
CAIM916,MLAI3
CAIM916,DCRT29
CAIM916,DCRT152
CAIM916,NOCS16
SEMI145,AMSC11
SEMI145,SEMI2
SEMI145,SEMI81
SEMI145,SEMI246
SEMI145,SEMI184
SEMI145,CAIM934
SEMI145,SEMI20
SEMI145,WIOT61
SEMI145,WIOT67
SEMI145,MLAI81
SEMI145,AMSC307
SEMI145,SEMI119
SEMI145,SSCO197
SEMI145,SEMI232
SEMI145,SECU63
SEMI145,CAIM731
DCRT160,DCRT161
SEMI247,DCRT95
SEMI247,DCRT99
SEMI247,SEMI168
SEMI247,SEMI206
SEMI247,DCRT155
SEMI247,DCRT151
SEMI247,SEMI115
SEMI247,DCRT162
CAIM935,NOCS357
CAIM935,NOCS346
CAIM935,CAIM936
CAIM935,NOCS358
NOCS359,NOCS360
CAIM550,DCRT10
CAIM460,DCRT29
CAIM460,CAIM480
NOCS277,NOCS361
NOCS277,NOCS358
CAIM937,NOCS206
CAIM937,NOCS313
CAIM937,CAIM119
CAIM937,NOCS14
CAIM937,NOCS342
CAIM938,CAIM36
CAIM938,CAIM939
CAIM75,CAIM13
NOCS362,NOCS363
NOCS362,NOCS266
CAIM940,CAIM941
NOCS364,WIOT115
NOCS364,WIOT61
NOCS365,NOCS215
NOCS365,NOCS238
DCRT163,DCRT162
CAIM71,CAIM97
CAIM71,CAIM926
CAIM71,CAIM13
CAIM71,CAIM14
NOCS346,NOCS358
CAIM250,DCRT155
CAIM250,CAIM942
CAIM919,CAIM480
CAIM919,CAIM916
NOCS366,NOCS345
CAIM97,CAIM51
NOCS312,CAIM459
NOCS367,NOCS1
WIOT504,NOCS205
WIOT504,WIOT78
WIOT504,SEMI60
WIOT504,SEMI198
AMSC308,AMSC4
AMSC308,NOCS182
AMSC308,AMSC268
CAIM358,CAIM357
AMSC31,CAIM121
AMSC31,AMSC18
AMSC31,AMSC29
AMSC31,AMSC30
CAIM943,NOCS200
CAIM602,NOCS368
CAIM602,CAIM595
CAIM602,CAIM150
CAIM602,CAIM255
CAIM602,NOCS148
CAIM944,CAIM707
SEMI248,SEMI134
SEMI249,SEMI226
SEMI249,SEMI238
AMSC309,AMSC268
CAIM603,CAIM198
CAIM603,CAIM199
CAIM603,CAIM203
CAIM603,CAIM595
SEMI149,SEMI146
CAIM945,CAIM946
CAIM945,CAIM200
CAIM945,CAIM324
SEMI250,SEMI23
SEMI250,SEMI251
MLAI81,WIOT67
MLAI81,SEMI119
MLAI81,MLAI169
CAIM893,CAIM482
CAIM893,CAIM829
AMSC310,AMSC311
MLAI170,MLAI171
SEMI252,SEMI217
SECU74,SECU74
SECU74,SECU73
CAIM458,CAIM5
CAIM947,CAIM948
NOCS369,NOCS172
SEMI30,SEMI95
CAIM604,CAIM43
CAIM604,CAIM765
NOCS370,NOCS371
CAIM949,CAIM497
SEMI169,SEMI206
CAIM950,CAIM441
CAIM950,CAIM131
CAIM950,CAIM442
CAIM951,CAIM952
DCRT89,DCRT101
CAIM293,CAIM953
SECU75,SECU76
CAIM821,CAIM954
CAIM821,CAIM955
CAIM477,CAIM526
CAIM477,CAIM781
CAIM477,CAIM108
WIOT505,CAIM956
CAIM622,CAIM278
CAIM622,CAIM524
CAIM49,CAIM368
CAIM49,WIOT505
CAIM49,CAIM104
CAIM49,SEMI253
SEMI253,SEMI88
SEMI253,SEMI89
MLAI42,MLAI20
CAIM661,CAIM900
NOCS194,AMSC267
NOCS194,WIOT450
NOCS83,NOCS9
CAIM957,SEMI151
MLAI172,MLAI173
MLAI172,MLAI174
MLAI172,MLAI175
MLAI172,MLAI136
MLAI176,MLAI176
MLAI177,MLAI121
MLAI154,MLAI126
MLAI154,MLAI135
MLAI154,MLAI143
MLAI154,MLAI178
MLAI154,MLAI179
MLAI180,MLAI139
MLAI181,MLAI140
MLAI182,MLAI135
MLAI182,MLAI146
MLAI182,MLAI152
MLAI183,MLAI135
WIOT506,WIOT507
WIOT506,WIOT488
WIOT506,WIOT462
WIOT506,WIOT508
WIOT509,WIOT43
WIOT509,WIOT510
WIOT511,WIOT512
WIOT513,WIOT506
WIOT513,WIOT514
WIOT515,WIOT90
WIOT448,SSCO197
WIOT34,WIOT34
WIOT516,AMSC312
WIOT516,MLAI66
WIOT516,WIOT517
WIOT518,WIOT474
WIOT519,WIOT35
SECU77,WIOT495
WIOT520,WIOT510
WIOT510,SEMI231
WIOT462,WIOT521
SSCO212,WIOT510
MLAI184,MLAI185
DCRT164,WIOT389
DCRT164,NOCS300
DCRT164,SEMI190
WIOT445,WIOT441
WIOT445,CAIM439
SSCO7,NOCS206
SSCO7,SSCO24
WIOT522,NOCS364
MLAI168,MLAI68
MLAI168,CAIM917
CAIM791,CAIM129
CAIM791,CAIM21
CAIM791,CAIM518
CAIM791,MLAI76
NOCS372,MLAI83
WIOT122,MLAI186
WIOT523,NOCS372
MLAI187,MLAI80
WIOT524,WIOT525
MLAI188,MLAI189
MLAI158,MLAI127
MLAI158,MLAI135
MLAI158,MLAI136
MLAI158,MLAI137
MLAI158,MLAI139
MLAI158,MLAI140
MLAI158,MLAI144
MLAI158,MLAI39
MLAI158,MLAI182
MLAI158,MLAI155
MLAI158,MLAI190
MLAI158,MLAI115
MLAI191,MLAI137
MLAI191,MLAI140
MLAI191,MLAI141
MLAI191,MLAI152
MLAI190,MLAI192
MLAI190,MLAI135
MLAI190,MLAI137
MLAI193,MLAI12
MLAI193,SEMI254
MLAI193,MLAI74
MLAI193,SEMI119
MLAI193,MLAI173
MLAI193,MLAI175
MLAI193,MLAI126
MLAI193,MLAI89
MLAI193,MLAI142
MLAI193,MLAI194
MLAI193,MLAI157
MLAI193,MLAI80
MLAI193,MLAI159
MLAI195,MLAI196
CAIM958,DCRT91
CAIM958,NOCS211
CAIM958,NOCS135
CAIM958,NOCS317
CAIM958,NOCS111
CAIM958,DCRT127
CAIM958,NOCS159
CAIM958,NOCS91
CAIM958,NOCS121
CAIM958,NOCS302
CAIM958,NOCS303
CAIM958,NOCS115
CAIM958,NOCS208
CAIM958,NOCS92
CAIM958,NOCS112
CAIM958,NOCS290
CAIM958,NOCS126
CAIM958,CAIM756
CAIM958,DCRT129
CAIM958,NOCS212
CAIM958,NOCS127
CAIM958,NOCS306
CAIM958,CAIM175
CAIM572,CAIM824
CAIM572,CAIM548
DCRT165,DCRT57
DCRT165,DCRT142
MLAI197,CAIM959
NOCS373,NOCS219
NOCS373,CAIM746
NOCS373,CAIM208
NOCS373,NOCS92
NOCS373,NOCS127
NOCS373,NOCS273
NOCS292,NOCS113
NOCS292,CAIM208
NOCS292,CAIM756
NOCS292,NOCS306
SEMI255,SEMI95
CAIM960,CAIM572
CAIM785,CAIM762
CAIM785,CAIM829
CAIM785,CAIM893
CAIM785,CAIM912
SECU6,SECU78
SECU6,SECU79
CAIM605,CAIM25
SEMI256,SEMI244
CAIM961,CAIM617
SECU7,SECU78
SECU7,SECU79
NOCS374,NOCS215
CAIM962,DCRT55
NOCS137,NOCS136
SEMI257,DCRT29
CAIM963,CAIM690
SSCO22,SSCO213
NOCS331,SSCO40
CAIM731,CAIM934
DCRT131,NOCS289
SEMI258,SEMI259
SEMI258,SEMI260
SEMI258,SEMI261
SEMI258,SEMI262
SEMI258,SEMI263
SEMI258,SEMI264
SEMI258,SEMI265
SEMI258,SEMI266
SEMI258,SEMI267
SEMI258,SEMI268
SEMI258,SEMI269
SEMI258,SEMI270
SEMI258,SEMI271
SEMI258,SEMI272
SEMI258,SEMI273
SEMI258,SEMI274
SEMI258,SEMI275
SEMI258,SEMI276
SEMI258,SEMI277
SEMI258,SEMI278
SEMI258,SEMI279
SEMI258,SEMI280
SEMI258,SEMI281
SEMI258,SEMI282
SEMI283,SEMI259
SEMI283,SEMI261
SEMI283,SEMI284
SEMI283,SEMI262
SEMI283,SEMI285
SEMI283,SEMI264
SEMI283,SEMI265
SEMI283,SEMI266
SEMI283,SEMI268
SEMI283,SEMI269
SEMI283,SEMI270
SEMI283,SEMI276
SEMI283,SEMI278
SEMI283,SEMI279
SEMI283,SEMI282
SEMI259,SEMI284
SEMI259,SEMI266
SEMI259,SEMI268
SEMI259,SEMI286
SEMI260,SEMI280
SEMI260,SEMI281
SEMI287,SEMI258
SEMI287,SEMI259
SEMI287,SEMI260
SEMI287,SEMI264
SEMI287,SEMI288
SEMI287,SEMI268
SEMI287,SEMI269
SEMI287,SEMI282
SEMI261,SEMI274
SEMI289,SEMI290
SEMI284,SEMI265
SEMI284,SEMI286
SEMI291,SEMI258
SEMI291,SEMI261
SEMI291,SEMI292
SEMI293,SEMI294
SEMI263,SEMI280
SEMI295,SEMI262
SEMI295,SEMI288
SEMI296,SEMI218
SEMI264,SEMI284
SEMI264,SEMI265
SEMI264,SEMI270
SEMI297,SEMI298
SEMI266,SEMI265
SEMI266,SEMI268
SEMI266,SEMI286
SEMI299,SEMI273
SEMI299,SEMI218
SEMI300,SEMI258
SEMI300,SEMI283
SEMI300,SEMI259
SEMI300,SEMI263
SEMI300,SEMI268
SEMI301,SEMI275
SEMI302,SEMI303
SEMI272,SEMI271
SEMI304,SEMI218
SEMI305,SEMI306
SEMI307,SEMI308
SEMI274,SEMI271
SEMI309,SEMI285
SEMI310,SEMI276
SEMI275,SEMI285
SEMI311,SEMI312
SEMI313,SEMI314
SEMI315,SEMI316
WIOT526,WIOT527
WIOT526,WIOT528
WIOT526,WIOT529
WIOT526,WIOT530
WIOT526,WIOT531
WIOT526,WIOT532
WIOT526,WIOT533
WIOT526,WIOT534
WIOT526,WIOT535
WIOT536,WIOT168
WIOT536,WIOT537
WIOT536,WIOT538
WIOT536,WIOT539
WIOT536,WIOT540
WIOT536,WIOT541
WIOT536,WIOT542
WIOT536,WIOT543
WIOT544,WIOT545
WIOT546,WIOT547
WIOT548,WIOT549
WIOT534,WIOT535
WIOT550,WIOT551
WIOT539,WIOT552
WIOT539,WIOT553
WIOT552,WIOT554
WIOT552,WIOT555
WIOT552,WIOT556
WIOT540,WIOT557
WIOT540,WIOT558
WIOT559,WIOT560
WIOT561,WIOT562
WIOT561,WIOT532
WIOT561,WIOT563
WIOT564,WIOT493
WIOT565,WIOT492
WIOT565,WIOT493
WIOT565,WIOT564
WIOT565,WIOT535
WIOT566,WIOT562
WIOT566,WIOT561
WIOT566,WIOT532
WIOT567,WIOT568
WIOT545,WIOT538
WIOT569,WIOT564
WIOT570,WIOT571
WIOT570,WIOT572
WIOT570,WIOT573
WIOT570,WIOT537
WIOT570,WIOT529
WIOT570,WIOT538
WIOT570,WIOT574
WIOT570,WIOT575
WIOT570,WIOT535
WIOT535,WIOT534
WIOT576,WIOT577
WIOT576,WIOT553
WIOT576,WIOT578
WIOT576,WIOT493
WIOT576,WIOT26
WIOT579,WIOT580
WIOT579,WIOT581
WIOT579,WIOT582
WIOT579,WIOT583
WIOT579,WIOT560
WIOT584,WIOT168
WIOT584,WIOT530
WIOT585,WIOT586
WIOT585,WIOT584
WIOT575,WIOT537
WIOT587,WIOT540
WIOT587,WIOT542
WIOT588,WIOT583
WIOT589,WIOT590
WIOT589,WIOT591
WIOT592,WIOT593
WIOT556,WIOT590
WIOT556,WIOT591
WIOT556,WIOT560
WIOT594,WIOT542
WIOT595,WIOT14
WIOT595,WIOT567
WIOT541,WIOT596
WIOT541,WIOT168
WIOT541,WIOT537
WIOT541,WIOT597
WIOT541,WIOT558
WIOT598,WIOT589
WIOT542,WIOT310
WIOT542,WIOT168
WIOT599,WIOT586
WIOT583,WIOT581
WIOT600,WIOT543
WIOT543,WIOT597
WIOT543,WIOT591
WIOT593,WIOT596
WIOT593,WIOT601
WIOT531,WIOT562
WIOT531,WIOT561
WIOT531,WIOT532
WIOT531,WIOT563
WIOT602,WIOT529
WIOT106,WIOT603
WIOT106,WIOT604
WIOT532,WIOT562
WIOT605,WIOT606
WIOT563,WIOT562
WIOT563,WIOT532
WIOT607,WIOT310
CAIM552,NOCS46
CAIM552,DCRT110
CAIM552,SSCO9
CAIM552,DCRT78
CAIM552,SSCO4
CAIM552,DCRT111
CAIM552,DCRT112
CAIM552,CAIM304
CAIM552,CAIM554
SSCO4,WIOT63
DCRT111,DCRT78
DCRT112,DCRT78
DCRT112,DCRT111
CAIM304,NOCS276
CAIM156,CAIM115
CAIM156,CAIM672
CAIM156,CAIM404
CAIM156,CAIM54
CAIM156,CAIM646
CAIM156,NOCS327
CAIM156,CAIM60
CAIM60,CAIM650
CAIM60,CAIM646
CAIM152,CAIM115
CAIM152,CAIM330
CAIM152,CAIM87
CAIM152,CAIM59
CAIM152,CAIM86
CAIM152,CAIM60
CAIM152,CAIM405
CAIM555,CAIM964
CAIM140,CAIM139
CAIM556,CAIM269
CAIM405,CAIM115
CAIM405,CAIM59
CAIM405,CAIM60
MLAI135,MLAI142
MLAI144,MLAI135
MLAI144,MLAI136
MLAI144,MLAI137
MLAI145,MLAI135
MLAI145,MLAI143
MLAI145,MLAI151
MLAI146,MLAI135
MLAI146,MLAI142
MLAI147,MLAI135
MLAI147,MLAI179
MLAI39,MLAI133
MLAI39,MLAI135
MLAI148,MLAI135
MLAI148,MLAI136
MLAI148,MLAI140
MLAI198,MLAI142
MLAI92,MLAI99
NOCS148,NOCS2
CAIM965,CAIM170
CAIM167,CAIM170
SEMI61,CAIM167
WIOT608,WIOT17
WIOT608,WIOT9
WIOT608,WIOT20
WIOT608,WIOT609
WIOT608,WIOT33
WIOT608,WIOT34
WIOT608,WIOT24
WIOT608,WIOT610
WIOT608,WIOT110
WIOT608,WIOT150
WIOT608,WIOT611
WIOT608,WIOT612
WIOT608,WIOT613
WIOT608,WIOT36
WIOT608,WIOT614
WIOT608,WIOT7
WIOT608,WIOT16
WIOT608,WIOT615
WIOT608,WIOT616
WIOT608,WIOT617
WIOT608,WIOT618
WIOT608,WIOT619
WIOT620,WIOT621
WIOT622,WIOT24
WIOT622,WIOT623
WIOT622,WIOT40
WIOT24,WIOT34
WIOT24,WIOT36
WIOT24,WIOT624
WIOT610,WIOT18
WIOT610,WIOT20
WIOT610,WIOT34
WIOT610,WIOT24
WIOT610,WIOT110
WIOT610,WIOT150
WIOT610,WIOT625
WIOT610,WIOT618
WIOT626,WIOT611
WIOT626,WIOT627
WIOT626,WIOT628
WIOT626,WIOT629
WIOT630,WIOT16
WIOT110,WIOT32
WIOT110,WIOT24
WIOT110,WIOT150
WIOT110,WIOT35
WIOT110,WIOT151
WIOT110,WIOT631
WIOT110,WIOT614
WIOT110,WIOT625
WIOT110,WIOT618
WIOT150,WIOT32
WIOT150,WIOT34
WIOT150,WIOT614
SEMI317,SEMI318
WIOT611,WIOT609
WIOT611,WIOT36
WIOT611,WIOT628
WIOT611,WIOT624
WIOT4,WIOT16
WIOT612,WIOT4
WIOT612,WIOT632
WIOT633,WIOT622
WIOT633,WIOT627
SEMI319,SEMI174
CAIM588,CAIM966
WIOT634,WIOT629
WIOT635,SECU64
WIOT613,WIOT624
WIOT636,WIOT637
WIOT638,WIOT507
WIOT638,WIOT639
SEMI320,WIOT4
SEMI320,WIOT272
WIOT35,WIOT33
WIOT187,WIOT146
WIOT187,WIOT131
WIOT30,WIOT640
WIOT639,WIOT641
WIOT151,WIOT618
WIOT642,WIOT641
SEMI137,CAIM967
WIOT628,WIOT24
WIOT628,WIOT36
WIOT643,WIOT4
WIOT643,WIOT613
WIOT644,WIOT51
WIOT631,WIOT36
WIOT645,AMSC312
WIOT646,WIOT622
WIOT131,WIOT172
WIOT647,WIOT462
WIOT49,WIOT627
WIOT648,WIOT622
WIOT648,WIOT627
WIOT648,WIOT30
WIOT649,WIOT635
WIOT16,WIOT36
WIOT31,WIOT650
WIOT651,WIOT164
WIOT632,WIOT624
WIOT615,WIOT21
SECU80,WIOT635
WIOT616,WIOT21
WIOT616,WIOT34
WIOT527,WIOT562
WIOT527,WIOT561
WIOT652,WIOT653
WIOT528,WIOT562
WIOT528,WIOT561
WIOT654,WIOT41
WIOT655,WIOT6
WIOT655,WIOT164
WIOT656,SSCO98
WIOT656,WIOT107
WIOT656,WIOT657
WIOT658,WIOT34
WIOT659,WIOT24
WIOT660,WIOT661
WIOT662,WIOT127
SECU81,SECU82
WIOT514,WIOT30
WIOT604,WIOT663
